year,sex,name,n,prop
1980,F,ADELE,3,0.01
1981,F,ADELE,9,0.04
1982,F,ADELE,5,0.02
1983,F,ADELE,2,0.01
1984,F,ADELE,4,0.02
1985,F,ADELE,3,0.01
1986,F,ADELE,4,0.02
1987,F,ADELE,2,0.01
1988,F,ADELE,2,0.01
1989,F,ADELE,5,0.02
1990,F,ADELE,4,0.02
1991,F,ADELE,2,0.01
1992,F,ADELE,7,0.03
1993,F,ADELE,14,0.06
1994,F,ADELE,19,0.08
1995,F,ADELE,17,0.08
1996,F,ADELE,15,0.07
1997,F,ADELE,15,0.08
1998,F,ADELE,10,0.06
1999,F,ADELE,16,0.1
2000,F,ADELE,19,0.12
2001,F,ADELE,27,0.17
2002,F,ADELE,23,0.15
2003,F,ADELE,41,0.27
2004,F,ADELE,41,0.28
2005,F,ADELE,36,0.24
2006,F,ADELE,66,0.42
2007,F,ADELE,51,0.32
2008,F,ADELE,71,0.44
2009,F,ADELE,78,0.48
2010,F,ADELE,60,0.38
2011,F,ADELE,100,0.64
2012,F,ADELE,133,0.85
2013,F,ADELE,136,0.88
2014,F,ADELE,172,1.11
2015,F,ADELE,169,1.14
2016,F,ADELE,140,0.99
2017,F,ADELE,151,1.14
2018,F,ADELE,147,1.17
1980,F,ALEXANDRA,127,0.5
1981,F,ALEXANDRA,104,0.42
1982,F,ALEXANDRA,114,0.47
1983,F,ALEXANDRA,142,0.6
1984,F,ALEXANDRA,195,0.84
1985,F,ALEXANDRA,256,1.13
1986,F,ALEXANDRA,273,1.22
1987,F,ALEXANDRA,350,1.58
1988,F,ALEXANDRA,500,2.17
1989,F,ALEXANDRA,476,1.95
1990,F,ALEXANDRA,661,2.58
1991,F,ALEXANDRA,742,2.95
1992,F,ALEXANDRA,1016,4.22
1993,F,ALEXANDRA,961,4.17
1994,F,ALEXANDRA,915,3.99
1995,F,ALEXANDRA,803,3.72
1996,F,ALEXANDRA,702,3.45
1997,F,ALEXANDRA,582,3.16
1998,F,ALEXANDRA,474,2.76
1999,F,ALEXANDRA,401,2.47
2000,F,ALEXANDRA,357,2.29
2001,F,ALEXANDRA,307,1.92
2002,F,ALEXANDRA,222,1.47
2003,F,ALEXANDRA,197,1.3
2004,F,ALEXANDRA,204,1.37
2005,F,ALEXANDRA,215,1.43
2006,F,ALEXANDRA,168,1.07
2007,F,ALEXANDRA,164,1.03
2008,F,ALEXANDRA,174,1.08
2009,F,ALEXANDRA,143,0.88
2010,F,ALEXANDRA,132,0.83
2011,F,ALEXANDRA,108,0.69
2012,F,ALEXANDRA,106,0.67
2013,F,ALEXANDRA,86,0.56
2014,F,ALEXANDRA,72,0.46
2015,F,ALEXANDRA,66,0.45
2016,F,ALEXANDRA,54,0.38
2017,F,ALEXANDRA,49,0.37
2018,F,ALEXANDRA,30,0.24
1980,F,ALEXIA,2,0.01
1981,F,ALEXIA,7,0.03
1982,F,ALEXIA,3,0.01
1983,F,ALEXIA,4,0.02
1984,F,ALEXIA,12,0.05
1985,F,ALEXIA,5,0.02
1986,F,ALEXIA,2,0.01
1987,F,ALEXIA,6,0.03
1988,F,ALEXIA,12,0.05
1989,F,ALEXIA,26,0.11
1990,F,ALEXIA,23,0.09
1991,F,ALEXIA,27,0.11
1992,F,ALEXIA,24,0.1
1993,F,ALEXIA,42,0.18
1994,F,ALEXIA,48,0.21
1995,F,ALEXIA,72,0.33
1996,F,ALEXIA,64,0.31
1997,F,ALEXIA,105,0.57
1998,F,ALEXIA,128,0.74
1999,F,ALEXIA,136,0.84
2000,F,ALEXIA,118,0.76
2001,F,ALEXIA,139,0.87
2002,F,ALEXIA,150,0.99
2003,F,ALEXIA,174,1.15
2004,F,ALEXIA,164,1.11
2005,F,ALEXIA,178,1.19
2006,F,ALEXIA,181,1.15
2007,F,ALEXIA,267,1.68
2008,F,ALEXIA,273,1.69
2009,F,ALEXIA,279,1.72
2010,F,ALEXIA,277,1.74
2011,F,ALEXIA,261,1.66
2012,F,ALEXIA,206,1.31
2013,F,ALEXIA,176,1.14
2014,F,ALEXIA,177,1.14
2015,F,ALEXIA,158,1.07
2016,F,ALEXIA,132,0.93
2017,F,ALEXIA,154,1.16
2018,F,ALEXIA,127,1.01
1980,F,ALICE,11,0.04
1981,F,ALICE,14,0.06
1982,F,ALICE,13,0.05
1983,F,ALICE,12,0.05
1984,F,ALICE,15,0.06
1985,F,ALICE,14,0.06
1986,F,ALICE,17,0.08
1987,F,ALICE,15,0.07
1988,F,ALICE,8,0.03
1989,F,ALICE,23,0.09
1990,F,ALICE,20,0.08
1991,F,ALICE,35,0.14
1992,F,ALICE,32,0.13
1993,F,ALICE,41,0.18
1994,F,ALICE,48,0.21
1995,F,ALICE,76,0.35
1996,F,ALICE,74,0.36
1997,F,ALICE,91,0.49
1998,F,ALICE,91,0.53
1999,F,ALICE,88,0.54
2000,F,ALICE,79,0.51
2001,F,ALICE,140,0.88
2002,F,ALICE,128,0.85
2003,F,ALICE,124,0.82
2004,F,ALICE,144,0.97
2005,F,ALICE,163,1.09
2006,F,ALICE,191,1.21
2007,F,ALICE,217,1.36
2008,F,ALICE,236,1.46
2009,F,ALICE,286,1.77
2010,F,ALICE,381,2.4
2011,F,ALICE,388,2.47
2012,F,ALICE,398,2.53
2013,F,ALICE,447,2.9
2014,F,ALICE,471,3.04
2015,F,ALICE,480,3.25
2016,F,ALICE,497,3.51
2017,F,ALICE,519,3.9
2018,F,ALICE,525,4.18
1980,F,ALICIA,19,0.08
1981,F,ALICIA,18,0.07
1982,F,ALICIA,10,0.04
1983,F,ALICIA,18,0.08
1984,F,ALICIA,23,0.1
1985,F,ALICIA,19,0.08
1986,F,ALICIA,25,0.11
1987,F,ALICIA,20,0.09
1988,F,ALICIA,13,0.06
1989,F,ALICIA,23,0.09
1990,F,ALICIA,26,0.1
1991,F,ALICIA,31,0.12
1992,F,ALICIA,28,0.12
1993,F,ALICIA,36,0.16
1994,F,ALICIA,41,0.18
1995,F,ALICIA,37,0.17
1996,F,ALICIA,80,0.39
1997,F,ALICIA,95,0.52
1998,F,ALICIA,116,0.67
1999,F,ALICIA,118,0.73
2000,F,ALICIA,141,0.9
2001,F,ALICIA,156,0.98
2002,F,ALICIA,182,1.2
2003,F,ALICIA,197,1.3
2004,F,ALICIA,202,1.36
2005,F,ALICIA,206,1.37
2006,F,ALICIA,227,1.44
2007,F,ALICIA,268,1.68
2008,F,ALICIA,239,1.48
2009,F,ALICIA,278,1.72
2010,F,ALICIA,309,1.94
2011,F,ALICIA,290,1.85
2012,F,ALICIA,301,1.92
2013,F,ALICIA,257,1.67
2014,F,ALICIA,238,1.54
2015,F,ALICIA,254,1.72
2016,F,ALICIA,239,1.69
2017,F,ALICIA,184,1.38
2018,F,ALICIA,164,1.31
1980,F,AMANDA,64,0.25
1981,F,AMANDA,76,0.3
1982,F,AMANDA,68,0.28
1983,F,AMANDA,97,0.41
1984,F,AMANDA,88,0.38
1985,F,AMANDA,137,0.61
1986,F,AMANDA,162,0.73
1987,F,AMANDA,189,0.85
1988,F,AMANDA,179,0.78
1989,F,AMANDA,210,0.86
1990,F,AMANDA,168,0.66
1991,F,AMANDA,208,0.83
1992,F,AMANDA,178,0.74
1993,F,AMANDA,126,0.55
1994,F,AMANDA,134,0.58
1995,F,AMANDA,113,0.52
1996,F,AMANDA,124,0.61
1997,F,AMANDA,104,0.56
1998,F,AMANDA,94,0.55
1999,F,AMANDA,97,0.6
2000,F,AMANDA,73,0.47
2001,F,AMANDA,70,0.44
2002,F,AMANDA,78,0.52
2003,F,AMANDA,46,0.3
2004,F,AMANDA,61,0.41
2005,F,AMANDA,58,0.39
2006,F,AMANDA,62,0.39
2007,F,AMANDA,55,0.35
2008,F,AMANDA,50,0.31
2009,F,AMANDA,62,0.38
2010,F,AMANDA,44,0.28
2011,F,AMANDA,46,0.29
2012,F,AMANDA,37,0.24
2013,F,AMANDA,30,0.19
2014,F,AMANDA,37,0.24
2015,F,AMANDA,37,0.25
2016,F,AMANDA,32,0.23
2017,F,AMANDA,40,0.3
2018,F,AMANDA,36,0.29
1980,F,AMELIE,415,1.65
1981,F,AMELIE,532,2.13
1982,F,AMELIE,530,2.18
1983,F,AMELIE,470,2
1984,F,AMELIE,440,1.89
1985,F,AMELIE,406,1.8
1986,F,AMELIE,385,1.73
1987,F,AMELIE,373,1.68
1988,F,AMELIE,336,1.46
1989,F,AMELIE,398,1.63
1990,F,AMELIE,466,1.82
1991,F,AMELIE,424,1.68
1992,F,AMELIE,391,1.62
1993,F,AMELIE,402,1.74
1994,F,AMELIE,489,2.13
1995,F,AMELIE,538,2.49
1996,F,AMELIE,517,2.54
1997,F,AMELIE,473,2.57
1998,F,AMELIE,367,2.13
1999,F,AMELIE,336,2.07
2000,F,AMELIE,272,1.74
2001,F,AMELIE,299,1.87
2002,F,AMELIE,288,1.9
2003,F,AMELIE,304,2.01
2004,F,AMELIE,238,1.6
2005,F,AMELIE,209,1.39
2006,F,AMELIE,211,1.34
2007,F,AMELIE,200,1.26
2008,F,AMELIE,133,0.82
2009,F,AMELIE,153,0.94
2010,F,AMELIE,125,0.79
2011,F,AMELIE,144,0.92
2012,F,AMELIE,106,0.67
2013,F,AMELIE,74,0.48
2014,F,AMELIE,85,0.55
2015,F,AMELIE,72,0.49
2016,F,AMELIE,64,0.45
2017,F,AMELIE,57,0.43
2018,F,AMELIE,50,0.4
1980,F,ANAIS,1,0
1981,F,ANAIS,11,0.04
1982,F,ANAIS,19,0.08
1983,F,ANAIS,12,0.05
1984,F,ANAIS,6,0.03
1985,F,ANAIS,10,0.04
1986,F,ANAIS,4,0.02
1987,F,ANAIS,14,0.06
1988,F,ANAIS,15,0.07
1989,F,ANAIS,21,0.09
1990,F,ANAIS,17,0.07
1991,F,ANAIS,35,0.14
1992,F,ANAIS,34,0.14
1993,F,ANAIS,33,0.14
1994,F,ANAIS,37,0.16
1995,F,ANAIS,35,0.16
1996,F,ANAIS,58,0.29
1997,F,ANAIS,54,0.29
1998,F,ANAIS,50,0.29
1999,F,ANAIS,55,0.34
2000,F,ANAIS,48,0.31
2001,F,ANAIS,62,0.39
2002,F,ANAIS,94,0.62
2003,F,ANAIS,111,0.73
2004,F,ANAIS,153,1.03
2005,F,ANAIS,167,1.11
2006,F,ANAIS,178,1.13
2007,F,ANAIS,208,1.31
2008,F,ANAIS,238,1.48
2009,F,ANAIS,259,1.6
2010,F,ANAIS,264,1.66
2011,F,ANAIS,285,1.81
2012,F,ANAIS,301,1.92
2013,F,ANAIS,278,1.81
2014,F,ANAIS,224,1.45
2015,F,ANAIS,213,1.44
2016,F,ANAIS,194,1.37
2017,F,ANAIS,128,0.96
2018,F,ANAIS,129,1.03
1980,F,ANDREANNE,50,0.2
1981,F,ANDREANNE,79,0.32
1982,F,ANDREANNE,130,0.54
1983,F,ANDREANNE,151,0.64
1984,F,ANDREANNE,162,0.69
1985,F,ANDREANNE,145,0.64
1986,F,ANDREANNE,172,0.77
1987,F,ANDREANNE,186,0.84
1988,F,ANDREANNE,235,1.02
1989,F,ANDREANNE,327,1.34
1990,F,ANDREANNE,339,1.32
1991,F,ANDREANNE,292,1.16
1992,F,ANDREANNE,305,1.27
1993,F,ANDREANNE,230,1
1994,F,ANDREANNE,210,0.92
1995,F,ANDREANNE,215,1
1996,F,ANDREANNE,180,0.88
1997,F,ANDREANNE,160,0.87
1998,F,ANDREANNE,121,0.7
1999,F,ANDREANNE,91,0.56
2000,F,ANDREANNE,76,0.49
2001,F,ANDREANNE,60,0.38
2002,F,ANDREANNE,58,0.38
2003,F,ANDREANNE,52,0.34
2004,F,ANDREANNE,43,0.29
2005,F,ANDREANNE,28,0.19
2006,F,ANDREANNE,39,0.25
2007,F,ANDREANNE,30,0.19
2008,F,ANDREANNE,26,0.16
2009,F,ANDREANNE,15,0.09
2010,F,ANDREANNE,20,0.13
2011,F,ANDREANNE,9,0.06
2012,F,ANDREANNE,25,0.16
2013,F,ANDREANNE,20,0.13
2014,F,ANDREANNE,15,0.1
2015,F,ANDREANNE,6,0.04
2016,F,ANDREANNE,7,0.05
2017,F,ANDREANNE,5,0.04
2018,F,ANDREANNE,1,0.01
1980,F,ANNABELLE,22,0.09
1981,F,ANNABELLE,41,0.16
1982,F,ANNABELLE,26,0.11
1983,F,ANNABELLE,18,0.08
1984,F,ANNABELLE,24,0.1
1985,F,ANNABELLE,23,0.1
1986,F,ANNABELLE,30,0.13
1987,F,ANNABELLE,18,0.08
1988,F,ANNABELLE,23,0.1
1989,F,ANNABELLE,65,0.27
1990,F,ANNABELLE,62,0.24
1991,F,ANNABELLE,64,0.25
1992,F,ANNABELLE,84,0.35
1993,F,ANNABELLE,89,0.39
1994,F,ANNABELLE,82,0.36
1995,F,ANNABELLE,81,0.37
1996,F,ANNABELLE,96,0.47
1997,F,ANNABELLE,108,0.59
1998,F,ANNABELLE,96,0.56
1999,F,ANNABELLE,112,0.69
2000,F,ANNABELLE,110,0.7
2001,F,ANNABELLE,129,0.81
2002,F,ANNABELLE,146,0.97
2003,F,ANNABELLE,160,1.06
2004,F,ANNABELLE,196,1.32
2005,F,ANNABELLE,199,1.33
2006,F,ANNABELLE,234,1.49
2007,F,ANNABELLE,223,1.4
2008,F,ANNABELLE,255,1.58
2009,F,ANNABELLE,248,1.53
2010,F,ANNABELLE,228,1.43
2011,F,ANNABELLE,230,1.46
2012,F,ANNABELLE,271,1.72
2013,F,ANNABELLE,215,1.4
2014,F,ANNABELLE,222,1.43
2015,F,ANNABELLE,235,1.59
2016,F,ANNABELLE,200,1.41
2017,F,ANNABELLE,189,1.42
2018,F,ANNABELLE,173,1.38
1980,F,ANNIE,1102,4.37
1981,F,ANNIE,947,3.79
1982,F,ANNIE,820,3.38
1983,F,ANNIE,623,2.65
1984,F,ANNIE,519,2.23
1985,F,ANNIE,445,1.97
1986,F,ANNIE,381,1.71
1987,F,ANNIE,308,1.39
1988,F,ANNIE,263,1.14
1989,F,ANNIE,243,1
1990,F,ANNIE,249,0.97
1991,F,ANNIE,198,0.79
1992,F,ANNIE,164,0.68
1993,F,ANNIE,141,0.61
1994,F,ANNIE,108,0.47
1995,F,ANNIE,117,0.54
1996,F,ANNIE,106,0.52
1997,F,ANNIE,78,0.42
1998,F,ANNIE,69,0.4
1999,F,ANNIE,31,0.19
2000,F,ANNIE,46,0.29
2001,F,ANNIE,38,0.24
2002,F,ANNIE,35,0.23
2003,F,ANNIE,34,0.22
2004,F,ANNIE,28,0.19
2005,F,ANNIE,30,0.2
2006,F,ANNIE,22,0.14
2007,F,ANNIE,18,0.11
2008,F,ANNIE,19,0.12
2009,F,ANNIE,10,0.06
2010,F,ANNIE,16,0.1
2011,F,ANNIE,20,0.13
2012,F,ANNIE,19,0.12
2013,F,ANNIE,13,0.08
2014,F,ANNIE,20,0.13
2015,F,ANNIE,13,0.09
2016,F,ANNIE,8,0.06
2017,F,ANNIE,13,0.1
2018,F,ANNIE,12,0.1
1980,F,ARIANE,100,0.4
1981,F,ARIANE,95,0.38
1982,F,ARIANE,100,0.41
1983,F,ARIANE,91,0.39
1984,F,ARIANE,111,0.48
1985,F,ARIANE,132,0.58
1986,F,ARIANE,122,0.55
1987,F,ARIANE,177,0.8
1988,F,ARIANE,169,0.73
1989,F,ARIANE,177,0.73
1990,F,ARIANE,198,0.77
1991,F,ARIANE,219,0.87
1992,F,ARIANE,209,0.87
1993,F,ARIANE,199,0.86
1994,F,ARIANE,174,0.76
1995,F,ARIANE,228,1.06
1996,F,ARIANE,263,1.29
1997,F,ARIANE,241,1.31
1998,F,ARIANE,477,2.77
1999,F,ARIANE,426,2.62
2000,F,ARIANE,399,2.56
2001,F,ARIANE,302,1.89
2002,F,ARIANE,301,1.99
2003,F,ARIANE,339,2.24
2004,F,ARIANE,271,1.83
2005,F,ARIANE,259,1.73
2006,F,ARIANE,252,1.6
2007,F,ARIANE,229,1.44
2008,F,ARIANE,207,1.28
2009,F,ARIANE,221,1.36
2010,F,ARIANE,195,1.23
2011,F,ARIANE,188,1.2
2012,F,ARIANE,152,0.97
2013,F,ARIANE,147,0.95
2014,F,ARIANE,130,0.84
2015,F,ARIANE,119,0.81
2016,F,ARIANE,100,0.71
2017,F,ARIANE,73,0.55
2018,F,ARIANE,57,0.45
1980,F,AUDREY,399,1.58
1981,F,AUDREY,492,1.97
1982,F,AUDREY,470,1.93
1983,F,AUDREY,543,2.31
1984,F,AUDREY,604,2.59
1985,F,AUDREY,612,2.71
1986,F,AUDREY,704,3.16
1987,F,AUDREY,685,3.08
1988,F,AUDREY,694,3.02
1989,F,AUDREY,654,2.68
1990,F,AUDREY,753,2.94
1991,F,AUDREY,840,3.34
1992,F,AUDREY,830,3.45
1993,F,AUDREY,814,3.53
1994,F,AUDREY,741,3.23
1995,F,AUDREY,763,3.53
1996,F,AUDREY,740,3.64
1997,F,AUDREY,657,3.57
1998,F,AUDREY,548,3.19
1999,F,AUDREY,490,3.01
2000,F,AUDREY,414,2.65
2001,F,AUDREY,478,2.99
2002,F,AUDREY,382,2.53
2003,F,AUDREY,339,2.24
2004,F,AUDREY,314,2.12
2005,F,AUDREY,267,1.78
2006,F,AUDREY,244,1.55
2007,F,AUDREY,212,1.33
2008,F,AUDREY,181,1.12
2009,F,AUDREY,153,0.94
2010,F,AUDREY,124,0.78
2011,F,AUDREY,104,0.66
2012,F,AUDREY,73,0.46
2013,F,AUDREY,88,0.57
2014,F,AUDREY,61,0.39
2015,F,AUDREY,59,0.4
2016,F,AUDREY,43,0.3
2017,F,AUDREY,26,0.2
2018,F,AUDREY,36,0.29
1980,F,AURELIE,11,0.04
1981,F,AURELIE,12,0.05
1982,F,AURELIE,16,0.07
1983,F,AURELIE,17,0.07
1984,F,AURELIE,16,0.07
1985,F,AURELIE,13,0.06
1986,F,AURELIE,20,0.09
1987,F,AURELIE,17,0.08
1988,F,AURELIE,17,0.07
1989,F,AURELIE,30,0.12
1990,F,AURELIE,34,0.13
1991,F,AURELIE,50,0.2
1992,F,AURELIE,53,0.22
1993,F,AURELIE,46,0.2
1994,F,AURELIE,48,0.21
1995,F,AURELIE,48,0.22
1996,F,AURELIE,45,0.22
1997,F,AURELIE,49,0.27
1998,F,AURELIE,57,0.33
1999,F,AURELIE,61,0.38
2000,F,AURELIE,60,0.38
2001,F,AURELIE,53,0.33
2002,F,AURELIE,81,0.54
2003,F,AURELIE,109,0.72
2004,F,AURELIE,148,1
2005,F,AURELIE,124,0.83
2006,F,AURELIE,141,0.9
2007,F,AURELIE,141,0.89
2008,F,AURELIE,144,0.89
2009,F,AURELIE,219,1.35
2010,F,AURELIE,183,1.15
2011,F,AURELIE,184,1.17
2012,F,AURELIE,193,1.23
2013,F,AURELIE,176,1.14
2014,F,AURELIE,177,1.14
2015,F,AURELIE,168,1.14
2016,F,AURELIE,144,1.02
2017,F,AURELIE,139,1.05
2018,F,AURELIE,135,1.08
1980,F,BEATRICE,13,0.05
1981,F,BEATRICE,8,0.03
1982,F,BEATRICE,11,0.05
1983,F,BEATRICE,5,0.02
1984,F,BEATRICE,7,0.03
1985,F,BEATRICE,5,0.02
1986,F,BEATRICE,16,0.07
1987,F,BEATRICE,6,0.03
1988,F,BEATRICE,11,0.05
1989,F,BEATRICE,28,0.11
1990,F,BEATRICE,40,0.16
1991,F,BEATRICE,27,0.11
1992,F,BEATRICE,35,0.15
1993,F,BEATRICE,60,0.26
1994,F,BEATRICE,66,0.29
1995,F,BEATRICE,64,0.3
1996,F,BEATRICE,82,0.4
1997,F,BEATRICE,88,0.48
1998,F,BEATRICE,119,0.69
1999,F,BEATRICE,142,0.87
2000,F,BEATRICE,127,0.81
2001,F,BEATRICE,152,0.95
2002,F,BEATRICE,117,0.77
2003,F,BEATRICE,118,0.78
2004,F,BEATRICE,140,0.94
2005,F,BEATRICE,142,0.95
2006,F,BEATRICE,163,1.03
2007,F,BEATRICE,142,0.89
2008,F,BEATRICE,158,0.98
2009,F,BEATRICE,170,1.05
2010,F,BEATRICE,210,1.32
2011,F,BEATRICE,235,1.5
2012,F,BEATRICE,289,1.84
2013,F,BEATRICE,268,1.74
2014,F,BEATRICE,291,1.88
2015,F,BEATRICE,391,2.65
2016,F,BEATRICE,381,2.69
2017,F,BEATRICE,369,2.77
2018,F,BEATRICE,331,2.64
1980,F,BIANCA,57,0.23
1981,F,BIANCA,56,0.22
1982,F,BIANCA,52,0.21
1983,F,BIANCA,64,0.27
1984,F,BIANCA,64,0.27
1985,F,BIANCA,61,0.27
1986,F,BIANCA,65,0.29
1987,F,BIANCA,75,0.34
1988,F,BIANCA,112,0.49
1989,F,BIANCA,140,0.57
1990,F,BIANCA,168,0.66
1991,F,BIANCA,173,0.69
1992,F,BIANCA,131,0.54
1993,F,BIANCA,145,0.63
1994,F,BIANCA,175,0.76
1995,F,BIANCA,159,0.74
1996,F,BIANCA,143,0.7
1997,F,BIANCA,121,0.66
1998,F,BIANCA,104,0.6
1999,F,BIANCA,114,0.7
2000,F,BIANCA,111,0.71
2001,F,BIANCA,113,0.71
2002,F,BIANCA,82,0.54
2003,F,BIANCA,99,0.65
2004,F,BIANCA,89,0.6
2005,F,BIANCA,61,0.41
2006,F,BIANCA,74,0.47
2007,F,BIANCA,93,0.58
2008,F,BIANCA,76,0.47
2009,F,BIANCA,86,0.53
2010,F,BIANCA,60,0.38
2011,F,BIANCA,54,0.34
2012,F,BIANCA,53,0.34
2013,F,BIANCA,43,0.28
2014,F,BIANCA,39,0.25
2015,F,BIANCA,22,0.15
2016,F,BIANCA,27,0.19
2017,F,BIANCA,24,0.18
2018,F,BIANCA,29,0.23
1980,F,CAMILLE,20,0.08
1981,F,CAMILLE,13,0.05
1982,F,CAMILLE,20,0.08
1983,F,CAMILLE,23,0.1
1984,F,CAMILLE,26,0.11
1985,F,CAMILLE,63,0.28
1986,F,CAMILLE,69,0.31
1987,F,CAMILLE,64,0.29
1988,F,CAMILLE,88,0.38
1989,F,CAMILLE,183,0.75
1990,F,CAMILLE,242,0.95
1991,F,CAMILLE,325,1.29
1992,F,CAMILLE,308,1.28
1993,F,CAMILLE,421,1.83
1994,F,CAMILLE,524,2.29
1995,F,CAMILLE,618,2.86
1996,F,CAMILLE,674,3.31
1997,F,CAMILLE,678,3.68
1998,F,CAMILLE,559,3.25
1999,F,CAMILLE,497,3.06
2000,F,CAMILLE,494,3.17
2001,F,CAMILLE,492,3.08
2002,F,CAMILLE,442,2.92
2003,F,CAMILLE,336,2.22
2004,F,CAMILLE,312,2.1
2005,F,CAMILLE,324,2.16
2006,F,CAMILLE,326,2.07
2007,F,CAMILLE,317,1.99
2008,F,CAMILLE,312,1.93
2009,F,CAMILLE,352,2.17
2010,F,CAMILLE,343,2.16
2011,F,CAMILLE,341,2.17
2012,F,CAMILLE,349,2.22
2013,F,CAMILLE,288,1.87
2014,F,CAMILLE,334,2.16
2015,F,CAMILLE,323,2.19
2016,F,CAMILLE,277,1.96
2017,F,CAMILLE,235,1.77
2018,F,CAMILLE,227,1.81
1980,F,CAROLINE,1377,5.47
1981,F,CAROLINE,1142,4.57
1982,F,CAROLINE,1072,4.41
1983,F,CAROLINE,1171,4.98
1984,F,CAROLINE,979,4.2
1985,F,CAROLINE,874,3.87
1986,F,CAROLINE,745,3.34
1987,F,CAROLINE,623,2.81
1988,F,CAROLINE,580,2.52
1989,F,CAROLINE,597,2.45
1990,F,CAROLINE,759,2.96
1991,F,CAROLINE,562,2.23
1992,F,CAROLINE,479,1.99
1993,F,CAROLINE,440,1.91
1994,F,CAROLINE,357,1.56
1995,F,CAROLINE,281,1.3
1996,F,CAROLINE,224,1.1
1997,F,CAROLINE,139,0.76
1998,F,CAROLINE,132,0.77
1999,F,CAROLINE,77,0.47
2000,F,CAROLINE,90,0.58
2001,F,CAROLINE,59,0.37
2002,F,CAROLINE,47,0.31
2003,F,CAROLINE,51,0.34
2004,F,CAROLINE,39,0.26
2005,F,CAROLINE,20,0.13
2006,F,CAROLINE,21,0.13
2007,F,CAROLINE,24,0.15
2008,F,CAROLINE,19,0.12
2009,F,CAROLINE,16,0.1
2010,F,CAROLINE,7,0.04
2011,F,CAROLINE,15,0.1
2012,F,CAROLINE,9,0.06
2013,F,CAROLINE,11,0.07
2014,F,CAROLINE,12,0.08
2015,F,CAROLINE,11,0.07
2016,F,CAROLINE,6,0.04
2017,F,CAROLINE,9,0.07
2018,F,CAROLINE,5,0.04
1980,F,CATHERINE,913,3.62
1981,F,CATHERINE,859,3.44
1982,F,CATHERINE,822,3.38
1983,F,CATHERINE,866,3.69
1984,F,CATHERINE,880,3.77
1985,F,CATHERINE,762,3.38
1986,F,CATHERINE,699,3.13
1987,F,CATHERINE,738,3.32
1988,F,CATHERINE,977,4.25
1989,F,CATHERINE,1188,4.87
1990,F,CATHERINE,1288,5.03
1991,F,CATHERINE,1190,4.73
1992,F,CATHERINE,1072,4.45
1993,F,CATHERINE,1034,4.49
1994,F,CATHERINE,951,4.15
1995,F,CATHERINE,795,3.68
1996,F,CATHERINE,721,3.54
1997,F,CATHERINE,513,2.79
1998,F,CATHERINE,477,2.77
1999,F,CATHERINE,443,2.72
2000,F,CATHERINE,411,2.63
2001,F,CATHERINE,398,2.49
2002,F,CATHERINE,283,1.87
2003,F,CATHERINE,229,1.52
2004,F,CATHERINE,214,1.44
2005,F,CATHERINE,165,1.1
2006,F,CATHERINE,164,1.04
2007,F,CATHERINE,121,0.76
2008,F,CATHERINE,108,0.67
2009,F,CATHERINE,109,0.67
2010,F,CATHERINE,107,0.67
2011,F,CATHERINE,83,0.53
2012,F,CATHERINE,62,0.39
2013,F,CATHERINE,62,0.4
2014,F,CATHERINE,52,0.34
2015,F,CATHERINE,54,0.37
2016,F,CATHERINE,36,0.25
2017,F,CATHERINE,27,0.2
2018,F,CATHERINE,20,0.16
1980,F,CHARLIE,1,0
1981,F,CHARLIE,0,0
1982,F,CHARLIE,2,0.01
1983,F,CHARLIE,1,0
1984,F,CHARLIE,3,0.01
1985,F,CHARLIE,4,0.02
1986,F,CHARLIE,1,0
1987,F,CHARLIE,4,0.02
1988,F,CHARLIE,3,0.01
1989,F,CHARLIE,5,0.02
1990,F,CHARLIE,13,0.05
1991,F,CHARLIE,26,0.1
1992,F,CHARLIE,21,0.09
1993,F,CHARLIE,25,0.11
1994,F,CHARLIE,22,0.1
1995,F,CHARLIE,33,0.15
1996,F,CHARLIE,25,0.12
1997,F,CHARLIE,37,0.2
1998,F,CHARLIE,45,0.26
1999,F,CHARLIE,57,0.35
2000,F,CHARLIE,41,0.26
2001,F,CHARLIE,59,0.37
2002,F,CHARLIE,80,0.53
2003,F,CHARLIE,79,0.52
2004,F,CHARLIE,87,0.59
2005,F,CHARLIE,117,0.78
2006,F,CHARLIE,172,1.09
2007,F,CHARLIE,186,1.17
2008,F,CHARLIE,201,1.25
2009,F,CHARLIE,228,1.41
2010,F,CHARLIE,240,1.51
2011,F,CHARLIE,298,1.9
2012,F,CHARLIE,323,2.06
2013,F,CHARLIE,349,2.27
2014,F,CHARLIE,387,2.5
2015,F,CHARLIE,322,2.18
2016,F,CHARLIE,391,2.76
2017,F,CHARLIE,423,3.18
2018,F,CHARLIE,450,3.58
1980,F,CHARLOTTE,8,0.03
1981,F,CHARLOTTE,10,0.04
1982,F,CHARLOTTE,5,0.02
1983,F,CHARLOTTE,5,0.02
1984,F,CHARLOTTE,9,0.04
1985,F,CHARLOTTE,11,0.05
1986,F,CHARLOTTE,13,0.06
1987,F,CHARLOTTE,15,0.07
1988,F,CHARLOTTE,42,0.18
1989,F,CHARLOTTE,35,0.14
1990,F,CHARLOTTE,45,0.18
1991,F,CHARLOTTE,75,0.3
1992,F,CHARLOTTE,78,0.32
1993,F,CHARLOTTE,91,0.39
1994,F,CHARLOTTE,114,0.5
1995,F,CHARLOTTE,118,0.55
1996,F,CHARLOTTE,122,0.6
1997,F,CHARLOTTE,144,0.78
1998,F,CHARLOTTE,133,0.77
1999,F,CHARLOTTE,144,0.89
2000,F,CHARLOTTE,124,0.79
2001,F,CHARLOTTE,169,1.06
2002,F,CHARLOTTE,189,1.25
2003,F,CHARLOTTE,219,1.45
2004,F,CHARLOTTE,180,1.21
2005,F,CHARLOTTE,220,1.47
2006,F,CHARLOTTE,238,1.51
2007,F,CHARLOTTE,300,1.89
2008,F,CHARLOTTE,310,1.92
2009,F,CHARLOTTE,274,1.69
2010,F,CHARLOTTE,271,1.7
2011,F,CHARLOTTE,287,1.83
2012,F,CHARLOTTE,277,1.76
2013,F,CHARLOTTE,338,2.2
2014,F,CHARLOTTE,374,2.41
2015,F,CHARLOTTE,385,2.61
2016,F,CHARLOTTE,407,2.87
2017,F,CHARLOTTE,428,3.22
2018,F,CHARLOTTE,437,3.48
1980,F,CHLOE,14,0.06
1981,F,CHLOE,9,0.04
1982,F,CHLOE,13,0.05
1983,F,CHLOE,19,0.08
1984,F,CHLOE,30,0.13
1985,F,CHLOE,27,0.12
1986,F,CHLOE,44,0.2
1987,F,CHLOE,65,0.29
1988,F,CHLOE,75,0.33
1989,F,CHLOE,78,0.32
1990,F,CHLOE,124,0.48
1991,F,CHLOE,234,0.93
1992,F,CHLOE,347,1.44
1993,F,CHLOE,359,1.56
1994,F,CHLOE,318,1.39
1995,F,CHLOE,282,1.31
1996,F,CHLOE,253,1.24
1997,F,CHLOE,240,1.3
1998,F,CHLOE,226,1.31
1999,F,CHLOE,220,1.35
2000,F,CHLOE,218,1.4
2001,F,CHLOE,260,1.63
2002,F,CHLOE,285,1.88
2003,F,CHLOE,264,1.75
2004,F,CHLOE,263,1.77
2005,F,CHLOE,248,1.65
2006,F,CHLOE,256,1.63
2007,F,CHLOE,274,1.72
2008,F,CHLOE,294,1.82
2009,F,CHLOE,332,2.05
2010,F,CHLOE,341,2.14
2011,F,CHLOE,357,2.27
2012,F,CHLOE,292,1.86
2013,F,CHLOE,355,2.31
2014,F,CHLOE,490,3.16
2015,F,CHLOE,406,2.75
2016,F,CHLOE,370,2.61
2017,F,CHLOE,320,2.41
2018,F,CHLOE,330,2.63
1980,F,CHRISTINE,368,1.46
1981,F,CHRISTINE,404,1.62
1982,F,CHRISTINE,376,1.55
1983,F,CHRISTINE,329,1.4
1984,F,CHRISTINE,342,1.47
1985,F,CHRISTINE,357,1.58
1986,F,CHRISTINE,324,1.45
1987,F,CHRISTINE,330,1.49
1988,F,CHRISTINE,258,1.12
1989,F,CHRISTINE,219,0.9
1990,F,CHRISTINE,210,0.82
1991,F,CHRISTINE,151,0.6
1992,F,CHRISTINE,139,0.58
1993,F,CHRISTINE,90,0.39
1994,F,CHRISTINE,106,0.46
1995,F,CHRISTINE,72,0.33
1996,F,CHRISTINE,44,0.22
1997,F,CHRISTINE,53,0.29
1998,F,CHRISTINE,36,0.21
1999,F,CHRISTINE,32,0.2
2000,F,CHRISTINE,42,0.27
2001,F,CHRISTINE,35,0.22
2002,F,CHRISTINE,26,0.17
2003,F,CHRISTINE,19,0.13
2004,F,CHRISTINE,18,0.12
2005,F,CHRISTINE,16,0.11
2006,F,CHRISTINE,10,0.06
2007,F,CHRISTINE,10,0.06
2008,F,CHRISTINE,10,0.06
2009,F,CHRISTINE,7,0.04
2010,F,CHRISTINE,8,0.05
2011,F,CHRISTINE,12,0.08
2012,F,CHRISTINE,10,0.06
2013,F,CHRISTINE,6,0.04
2014,F,CHRISTINE,5,0.03
2015,F,CHRISTINE,8,0.05
2016,F,CHRISTINE,8,0.06
2017,F,CHRISTINE,7,0.05
2018,F,CHRISTINE,4,0.03
1980,F,CINDY,308,1.22
1981,F,CINDY,340,1.36
1982,F,CINDY,363,1.49
1983,F,CINDY,315,1.34
1984,F,CINDY,305,1.31
1985,F,CINDY,382,1.69
1986,F,CINDY,289,1.3
1987,F,CINDY,244,1.1
1988,F,CINDY,226,0.98
1989,F,CINDY,245,1
1990,F,CINDY,191,0.75
1991,F,CINDY,226,0.9
1992,F,CINDY,178,0.74
1993,F,CINDY,161,0.7
1994,F,CINDY,186,0.81
1995,F,CINDY,135,0.62
1996,F,CINDY,108,0.53
1997,F,CINDY,107,0.58
1998,F,CINDY,69,0.4
1999,F,CINDY,64,0.39
2000,F,CINDY,55,0.35
2001,F,CINDY,48,0.3
2002,F,CINDY,35,0.23
2003,F,CINDY,33,0.22
2004,F,CINDY,12,0.08
2005,F,CINDY,14,0.09
2006,F,CINDY,20,0.13
2007,F,CINDY,14,0.09
2008,F,CINDY,20,0.12
2009,F,CINDY,18,0.11
2010,F,CINDY,12,0.08
2011,F,CINDY,13,0.08
2012,F,CINDY,5,0.03
2013,F,CINDY,8,0.05
2014,F,CINDY,8,0.05
2015,F,CINDY,5,0.03
2016,F,CINDY,1,0.01
2017,F,CINDY,4,0.03
2018,F,CINDY,3,0.02
1980,F,CLARA,7,0.03
1981,F,CLARA,7,0.03
1982,F,CLARA,10,0.04
1983,F,CLARA,5,0.02
1984,F,CLARA,4,0.02
1985,F,CLARA,8,0.04
1986,F,CLARA,8,0.04
1987,F,CLARA,12,0.05
1988,F,CLARA,12,0.05
1989,F,CLARA,18,0.07
1990,F,CLARA,23,0.09
1991,F,CLARA,19,0.08
1992,F,CLARA,30,0.12
1993,F,CLARA,38,0.16
1994,F,CLARA,33,0.14
1995,F,CLARA,44,0.2
1996,F,CLARA,55,0.27
1997,F,CLARA,54,0.29
1998,F,CLARA,62,0.36
1999,F,CLARA,67,0.41
2000,F,CLARA,64,0.41
2001,F,CLARA,85,0.53
2002,F,CLARA,109,0.72
2003,F,CLARA,127,0.84
2004,F,CLARA,137,0.92
2005,F,CLARA,141,0.94
2006,F,CLARA,159,1.01
2007,F,CLARA,192,1.21
2008,F,CLARA,172,1.07
2009,F,CLARA,174,1.07
2010,F,CLARA,219,1.38
2011,F,CLARA,233,1.48
2012,F,CLARA,190,1.21
2013,F,CLARA,214,1.39
2014,F,CLARA,256,1.65
2015,F,CLARA,256,1.73
2016,F,CLARA,254,1.79
2017,F,CLARA,266,2
2018,F,CLARA,284,2.26
1980,F,CLAUDIA,186,0.74
1981,F,CLAUDIA,180,0.72
1982,F,CLAUDIA,170,0.7
1983,F,CLAUDIA,177,0.75
1984,F,CLAUDIA,197,0.84
1985,F,CLAUDIA,300,1.33
1986,F,CLAUDIA,295,1.32
1987,F,CLAUDIA,322,1.45
1988,F,CLAUDIA,273,1.19
1989,F,CLAUDIA,236,0.97
1990,F,CLAUDIA,239,0.93
1991,F,CLAUDIA,197,0.78
1992,F,CLAUDIA,177,0.74
1993,F,CLAUDIA,172,0.75
1994,F,CLAUDIA,222,0.97
1995,F,CLAUDIA,230,1.06
1996,F,CLAUDIA,201,0.99
1997,F,CLAUDIA,211,1.15
1998,F,CLAUDIA,150,0.87
1999,F,CLAUDIA,114,0.7
2000,F,CLAUDIA,90,0.58
2001,F,CLAUDIA,60,0.38
2002,F,CLAUDIA,55,0.36
2003,F,CLAUDIA,36,0.24
2004,F,CLAUDIA,35,0.24
2005,F,CLAUDIA,24,0.16
2006,F,CLAUDIA,33,0.21
2007,F,CLAUDIA,29,0.18
2008,F,CLAUDIA,22,0.14
2009,F,CLAUDIA,24,0.15
2010,F,CLAUDIA,13,0.08
2011,F,CLAUDIA,18,0.11
2012,F,CLAUDIA,10,0.06
2013,F,CLAUDIA,11,0.07
2014,F,CLAUDIA,9,0.06
2015,F,CLAUDIA,9,0.06
2016,F,CLAUDIA,6,0.04
2017,F,CLAUDIA,3,0.02
2018,F,CLAUDIA,3,0.02
1980,F,CORALIE,2,0.01
1981,F,CORALIE,2,0.01
1982,F,CORALIE,4,0.02
1983,F,CORALIE,4,0.02
1984,F,CORALIE,6,0.03
1985,F,CORALIE,5,0.02
1986,F,CORALIE,5,0.02
1987,F,CORALIE,8,0.04
1988,F,CORALIE,5,0.02
1989,F,CORALIE,13,0.05
1990,F,CORALIE,11,0.04
1991,F,CORALIE,15,0.06
1992,F,CORALIE,29,0.12
1993,F,CORALIE,19,0.08
1994,F,CORALIE,33,0.14
1995,F,CORALIE,47,0.22
1996,F,CORALIE,74,0.36
1997,F,CORALIE,91,0.49
1998,F,CORALIE,90,0.52
1999,F,CORALIE,114,0.7
2000,F,CORALIE,126,0.81
2001,F,CORALIE,142,0.89
2002,F,CORALIE,186,1.23
2003,F,CORALIE,229,1.52
2004,F,CORALIE,313,2.11
2005,F,CORALIE,284,1.89
2006,F,CORALIE,283,1.8
2007,F,CORALIE,324,2.04
2008,F,CORALIE,258,1.6
2009,F,CORALIE,312,1.93
2010,F,CORALIE,271,1.7
2011,F,CORALIE,270,1.72
2012,F,CORALIE,248,1.58
2013,F,CORALIE,218,1.42
2014,F,CORALIE,234,1.51
2015,F,CORALIE,171,1.16
2016,F,CORALIE,134,0.95
2017,F,CORALIE,118,0.89
2018,F,CORALIE,129,1.03
1980,F,CYNTHIA,270,1.07
1981,F,CYNTHIA,364,1.46
1982,F,CYNTHIA,351,1.44
1983,F,CYNTHIA,369,1.57
1984,F,CYNTHIA,447,1.92
1985,F,CYNTHIA,480,2.13
1986,F,CYNTHIA,486,2.18
1987,F,CYNTHIA,477,2.15
1988,F,CYNTHIA,497,2.16
1989,F,CYNTHIA,479,1.96
1990,F,CYNTHIA,458,1.79
1991,F,CYNTHIA,441,1.75
1992,F,CYNTHIA,416,1.73
1993,F,CYNTHIA,349,1.51
1994,F,CYNTHIA,309,1.35
1995,F,CYNTHIA,227,1.05
1996,F,CYNTHIA,149,0.73
1997,F,CYNTHIA,123,0.67
1998,F,CYNTHIA,119,0.69
1999,F,CYNTHIA,92,0.57
2000,F,CYNTHIA,69,0.44
2001,F,CYNTHIA,58,0.36
2002,F,CYNTHIA,49,0.32
2003,F,CYNTHIA,33,0.22
2004,F,CYNTHIA,22,0.15
2005,F,CYNTHIA,36,0.24
2006,F,CYNTHIA,28,0.18
2007,F,CYNTHIA,17,0.11
2008,F,CYNTHIA,21,0.13
2009,F,CYNTHIA,15,0.09
2010,F,CYNTHIA,16,0.1
2011,F,CYNTHIA,3,0.02
2012,F,CYNTHIA,11,0.07
2013,F,CYNTHIA,7,0.05
2014,F,CYNTHIA,10,0.06
2015,F,CYNTHIA,9,0.06
2016,F,CYNTHIA,1,0.01
2017,F,CYNTHIA,4,0.03
2018,F,CYNTHIA,4,0.03
1980,F,DAPHNEE,6,0.02
1981,F,DAPHNEE,13,0.05
1982,F,DAPHNEE,12,0.05
1983,F,DAPHNEE,16,0.07
1984,F,DAPHNEE,10,0.04
1985,F,DAPHNEE,9,0.04
1986,F,DAPHNEE,21,0.09
1987,F,DAPHNEE,8,0.04
1988,F,DAPHNEE,14,0.06
1989,F,DAPHNEE,26,0.11
1990,F,DAPHNEE,22,0.09
1991,F,DAPHNEE,49,0.19
1992,F,DAPHNEE,49,0.2
1993,F,DAPHNEE,92,0.4
1994,F,DAPHNEE,126,0.55
1995,F,DAPHNEE,114,0.53
1996,F,DAPHNEE,113,0.56
1997,F,DAPHNEE,128,0.7
1998,F,DAPHNEE,145,0.84
1999,F,DAPHNEE,146,0.9
2000,F,DAPHNEE,128,0.82
2001,F,DAPHNEE,129,0.81
2002,F,DAPHNEE,130,0.86
2003,F,DAPHNEE,169,1.12
2004,F,DAPHNEE,155,1.04
2005,F,DAPHNEE,171,1.14
2006,F,DAPHNEE,161,1.02
2007,F,DAPHNEE,169,1.06
2008,F,DAPHNEE,168,1.04
2009,F,DAPHNEE,153,0.94
2010,F,DAPHNEE,143,0.9
2011,F,DAPHNEE,138,0.88
2012,F,DAPHNEE,130,0.83
2013,F,DAPHNEE,127,0.82
2014,F,DAPHNEE,110,0.71
2015,F,DAPHNEE,101,0.68
2016,F,DAPHNEE,76,0.54
2017,F,DAPHNEE,64,0.48
2018,F,DAPHNEE,61,0.49
1980,F,ELISABETH,75,0.3
1981,F,ELISABETH,97,0.39
1982,F,ELISABETH,72,0.3
1983,F,ELISABETH,91,0.39
1984,F,ELISABETH,69,0.3
1985,F,ELISABETH,72,0.32
1986,F,ELISABETH,77,0.35
1987,F,ELISABETH,64,0.29
1988,F,ELISABETH,69,0.3
1989,F,ELISABETH,101,0.41
1990,F,ELISABETH,103,0.4
1991,F,ELISABETH,102,0.41
1992,F,ELISABETH,112,0.47
1993,F,ELISABETH,150,0.65
1994,F,ELISABETH,148,0.65
1995,F,ELISABETH,161,0.75
1996,F,ELISABETH,157,0.77
1997,F,ELISABETH,144,0.78
1998,F,ELISABETH,102,0.59
1999,F,ELISABETH,107,0.66
2000,F,ELISABETH,103,0.66
2001,F,ELISABETH,117,0.73
2002,F,ELISABETH,83,0.55
2003,F,ELISABETH,92,0.61
2004,F,ELISABETH,89,0.6
2005,F,ELISABETH,78,0.52
2006,F,ELISABETH,114,0.72
2007,F,ELISABETH,86,0.54
2008,F,ELISABETH,102,0.63
2009,F,ELISABETH,103,0.64
2010,F,ELISABETH,106,0.67
2011,F,ELISABETH,98,0.62
2012,F,ELISABETH,95,0.6
2013,F,ELISABETH,93,0.6
2014,F,ELISABETH,105,0.68
2015,F,ELISABETH,90,0.61
2016,F,ELISABETH,108,0.76
2017,F,ELISABETH,104,0.78
2018,F,ELISABETH,97,0.77
1980,F,ELIZABETH,87,0.35
1981,F,ELIZABETH,90,0.36
1982,F,ELIZABETH,88,0.36
1983,F,ELIZABETH,112,0.48
1984,F,ELIZABETH,86,0.37
1985,F,ELIZABETH,78,0.35
1986,F,ELIZABETH,84,0.38
1987,F,ELIZABETH,96,0.43
1988,F,ELIZABETH,108,0.47
1989,F,ELIZABETH,121,0.5
1990,F,ELIZABETH,134,0.52
1991,F,ELIZABETH,137,0.54
1992,F,ELIZABETH,149,0.62
1993,F,ELIZABETH,169,0.73
1994,F,ELIZABETH,198,0.86
1995,F,ELIZABETH,192,0.89
1996,F,ELIZABETH,192,0.94
1997,F,ELIZABETH,203,1.1
1998,F,ELIZABETH,161,0.94
1999,F,ELIZABETH,182,1.12
2000,F,ELIZABETH,196,1.26
2001,F,ELIZABETH,186,1.16
2002,F,ELIZABETH,153,1.01
2003,F,ELIZABETH,165,1.09
2004,F,ELIZABETH,153,1.03
2005,F,ELIZABETH,180,1.2
2006,F,ELIZABETH,169,1.07
2007,F,ELIZABETH,199,1.25
2008,F,ELIZABETH,201,1.25
2009,F,ELIZABETH,217,1.34
2010,F,ELIZABETH,244,1.53
2011,F,ELIZABETH,194,1.24
2012,F,ELIZABETH,213,1.36
2013,F,ELIZABETH,230,1.49
2014,F,ELIZABETH,217,1.4
2015,F,ELIZABETH,215,1.46
2016,F,ELIZABETH,205,1.45
2017,F,ELIZABETH,194,1.46
2018,F,ELIZABETH,186,1.48
1980,F,ELODIE,9,0.04
1981,F,ELODIE,8,0.03
1982,F,ELODIE,8,0.03
1983,F,ELODIE,15,0.06
1984,F,ELODIE,10,0.04
1985,F,ELODIE,21,0.09
1986,F,ELODIE,18,0.08
1987,F,ELODIE,24,0.11
1988,F,ELODIE,27,0.12
1989,F,ELODIE,48,0.2
1990,F,ELODIE,60,0.23
1991,F,ELODIE,96,0.38
1992,F,ELODIE,121,0.5
1993,F,ELODIE,94,0.41
1994,F,ELODIE,119,0.52
1995,F,ELODIE,108,0.5
1996,F,ELODIE,98,0.48
1997,F,ELODIE,119,0.65
1998,F,ELODIE,122,0.71
1999,F,ELODIE,153,0.94
2000,F,ELODIE,190,1.22
2001,F,ELODIE,177,1.11
2002,F,ELODIE,176,1.16
2003,F,ELODIE,199,1.32
2004,F,ELODIE,170,1.15
2005,F,ELODIE,226,1.51
2006,F,ELODIE,196,1.24
2007,F,ELODIE,174,1.09
2008,F,ELODIE,260,1.61
2009,F,ELODIE,235,1.45
2010,F,ELODIE,221,1.39
2011,F,ELODIE,206,1.31
2012,F,ELODIE,236,1.5
2013,F,ELODIE,204,1.32
2014,F,ELODIE,201,1.3
2015,F,ELODIE,202,1.37
2016,F,ELODIE,166,1.17
2017,F,ELODIE,150,1.13
2018,F,ELODIE,167,1.33
1980,F,EMILIE,344,1.37
1981,F,EMILIE,676,2.7
1982,F,EMILIE,641,2.64
1983,F,EMILIE,694,2.95
1984,F,EMILIE,676,2.9
1985,F,EMILIE,651,2.88
1986,F,EMILIE,726,3.25
1987,F,EMILIE,707,3.18
1988,F,EMILIE,814,3.54
1989,F,EMILIE,748,3.07
1990,F,EMILIE,895,3.5
1991,F,EMILIE,791,3.14
1992,F,EMILIE,679,2.82
1993,F,EMILIE,607,2.63
1994,F,EMILIE,553,2.41
1995,F,EMILIE,489,2.26
1996,F,EMILIE,575,2.83
1997,F,EMILIE,458,2.49
1998,F,EMILIE,403,2.34
1999,F,EMILIE,444,2.73
2000,F,EMILIE,367,2.35
2001,F,EMILIE,380,2.38
2002,F,EMILIE,350,2.31
2003,F,EMILIE,321,2.12
2004,F,EMILIE,273,1.84
2005,F,EMILIE,248,1.65
2006,F,EMILIE,299,1.9
2007,F,EMILIE,290,1.82
2008,F,EMILIE,266,1.65
2009,F,EMILIE,252,1.56
2010,F,EMILIE,212,1.33
2011,F,EMILIE,201,1.28
2012,F,EMILIE,201,1.28
2013,F,EMILIE,166,1.08
2014,F,EMILIE,166,1.07
2015,F,EMILIE,153,1.04
2016,F,EMILIE,127,0.9
2017,F,EMILIE,96,0.72
2018,F,EMILIE,82,0.65
1980,F,EMILY,22,0.09
1981,F,EMILY,30,0.12
1982,F,EMILY,40,0.16
1983,F,EMILY,43,0.18
1984,F,EMILY,35,0.15
1985,F,EMILY,33,0.15
1986,F,EMILY,39,0.17
1987,F,EMILY,47,0.21
1988,F,EMILY,44,0.19
1989,F,EMILY,50,0.21
1990,F,EMILY,75,0.29
1991,F,EMILY,86,0.34
1992,F,EMILY,80,0.33
1993,F,EMILY,105,0.46
1994,F,EMILY,114,0.5
1995,F,EMILY,118,0.55
1996,F,EMILY,121,0.59
1997,F,EMILY,125,0.68
1998,F,EMILY,105,0.61
1999,F,EMILY,120,0.74
2000,F,EMILY,116,0.74
2001,F,EMILY,123,0.77
2002,F,EMILY,108,0.71
2003,F,EMILY,158,1.05
2004,F,EMILY,143,0.96
2005,F,EMILY,143,0.95
2006,F,EMILY,118,0.75
2007,F,EMILY,121,0.76
2008,F,EMILY,134,0.83
2009,F,EMILY,109,0.67
2010,F,EMILY,117,0.74
2011,F,EMILY,99,0.63
2012,F,EMILY,114,0.73
2013,F,EMILY,111,0.72
2014,F,EMILY,105,0.68
2015,F,EMILY,89,0.6
2016,F,EMILY,75,0.53
2017,F,EMILY,70,0.53
2018,F,EMILY,67,0.53
1980,F,EMMA,6,0.02
1981,F,EMMA,4,0.02
1982,F,EMMA,9,0.04
1983,F,EMMA,6,0.03
1984,F,EMMA,10,0.04
1985,F,EMMA,9,0.04
1986,F,EMMA,16,0.07
1987,F,EMMA,19,0.09
1988,F,EMMA,20,0.09
1989,F,EMMA,24,0.1
1990,F,EMMA,31,0.12
1991,F,EMMA,27,0.11
1992,F,EMMA,37,0.15
1993,F,EMMA,40,0.17
1994,F,EMMA,46,0.2
1995,F,EMMA,57,0.26
1996,F,EMMA,60,0.29
1997,F,EMMA,101,0.55
1998,F,EMMA,122,0.71
1999,F,EMMA,115,0.71
2000,F,EMMA,156,1
2001,F,EMMA,148,0.93
2002,F,EMMA,183,1.21
2003,F,EMMA,240,1.59
2004,F,EMMA,235,1.58
2005,F,EMMA,239,1.59
2006,F,EMMA,318,2.02
2007,F,EMMA,315,1.98
2008,F,EMMA,384,2.38
2009,F,EMMA,414,2.56
2010,F,EMMA,403,2.53
2011,F,EMMA,458,2.92
2012,F,EMMA,525,3.34
2013,F,EMMA,518,3.36
2014,F,EMMA,580,3.74
2015,F,EMMA,631,4.28
2016,F,EMMA,643,4.54
2017,F,EMMA,620,4.66
2018,F,EMMA,612,4.87
1980,F,EMY,1,0
1981,F,EMY,1,0
1982,F,EMY,0,0
1983,F,EMY,2,0.01
1984,F,EMY,1,0
1985,F,EMY,2,0.01
1986,F,EMY,7,0.03
1987,F,EMY,10,0.05
1988,F,EMY,21,0.09
1989,F,EMY,11,0.05
1990,F,EMY,24,0.09
1991,F,EMY,24,0.1
1992,F,EMY,16,0.07
1993,F,EMY,29,0.13
1994,F,EMY,29,0.13
1995,F,EMY,27,0.12
1996,F,EMY,43,0.21
1997,F,EMY,50,0.27
1998,F,EMY,71,0.41
1999,F,EMY,99,0.61
2000,F,EMY,96,0.62
2001,F,EMY,127,0.79
2002,F,EMY,154,1.02
2003,F,EMY,200,1.32
2004,F,EMY,227,1.53
2005,F,EMY,214,1.43
2006,F,EMY,253,1.61
2007,F,EMY,240,1.51
2008,F,EMY,212,1.31
2009,F,EMY,202,1.25
2010,F,EMY,213,1.34
2011,F,EMY,201,1.28
2012,F,EMY,215,1.37
2013,F,EMY,176,1.14
2014,F,EMY,164,1.06
2015,F,EMY,168,1.14
2016,F,EMY,124,0.88
2017,F,EMY,128,0.96
2018,F,EMY,99,0.79
1980,F,EVA,11,0.04
1981,F,EVA,11,0.04
1982,F,EVA,16,0.07
1983,F,EVA,9,0.04
1984,F,EVA,14,0.06
1985,F,EVA,13,0.06
1986,F,EVA,14,0.06
1987,F,EVA,14,0.06
1988,F,EVA,17,0.07
1989,F,EVA,21,0.09
1990,F,EVA,15,0.06
1991,F,EVA,20,0.08
1992,F,EVA,15,0.06
1993,F,EVA,16,0.07
1994,F,EVA,18,0.08
1995,F,EVA,18,0.08
1996,F,EVA,14,0.07
1997,F,EVA,22,0.12
1998,F,EVA,19,0.11
1999,F,EVA,17,0.1
2000,F,EVA,24,0.15
2001,F,EVA,36,0.23
2002,F,EVA,35,0.23
2003,F,EVA,53,0.35
2004,F,EVA,59,0.4
2005,F,EVA,64,0.43
2006,F,EVA,125,0.79
2007,F,EVA,176,1.11
2008,F,EVA,179,1.11
2009,F,EVA,181,1.12
2010,F,EVA,226,1.42
2011,F,EVA,262,1.67
2012,F,EVA,290,1.85
2013,F,EVA,301,1.95
2014,F,EVA,330,2.13
2015,F,EVA,340,2.3
2016,F,EVA,337,2.38
2017,F,EVA,318,2.39
2018,F,EVA,324,2.58
1980,F,EVE,96,0.38
1981,F,EVE,87,0.35
1982,F,EVE,94,0.39
1983,F,EVE,59,0.25
1984,F,EVE,63,0.27
1985,F,EVE,72,0.32
1986,F,EVE,64,0.29
1987,F,EVE,54,0.24
1988,F,EVE,78,0.34
1989,F,EVE,65,0.27
1990,F,EVE,59,0.23
1991,F,EVE,74,0.29
1992,F,EVE,73,0.3
1993,F,EVE,67,0.29
1994,F,EVE,93,0.41
1995,F,EVE,132,0.61
1996,F,EVE,121,0.59
1997,F,EVE,105,0.57
1998,F,EVE,113,0.66
1999,F,EVE,133,0.82
2000,F,EVE,146,0.94
2001,F,EVE,155,0.97
2002,F,EVE,139,0.92
2003,F,EVE,143,0.95
2004,F,EVE,159,1.07
2005,F,EVE,156,1.04
2006,F,EVE,207,1.31
2007,F,EVE,220,1.38
2008,F,EVE,217,1.35
2009,F,EVE,225,1.39
2010,F,EVE,240,1.51
2011,F,EVE,218,1.39
2012,F,EVE,226,1.44
2013,F,EVE,211,1.37
2014,F,EVE,171,1.1
2015,F,EVE,150,1.02
2016,F,EVE,156,1.1
2017,F,EVE,117,0.88
2018,F,EVE,111,0.88
1980,F,FLORENCE,9,0.04
1981,F,FLORENCE,8,0.03
1982,F,FLORENCE,9,0.04
1983,F,FLORENCE,15,0.06
1984,F,FLORENCE,14,0.06
1985,F,FLORENCE,22,0.1
1986,F,FLORENCE,26,0.12
1987,F,FLORENCE,34,0.15
1988,F,FLORENCE,34,0.15
1989,F,FLORENCE,36,0.15
1990,F,FLORENCE,60,0.23
1991,F,FLORENCE,90,0.36
1992,F,FLORENCE,125,0.52
1993,F,FLORENCE,134,0.58
1994,F,FLORENCE,153,0.67
1995,F,FLORENCE,186,0.86
1996,F,FLORENCE,194,0.95
1997,F,FLORENCE,226,1.23
1998,F,FLORENCE,217,1.26
1999,F,FLORENCE,250,1.54
2000,F,FLORENCE,265,1.7
2001,F,FLORENCE,275,1.72
2002,F,FLORENCE,305,2.02
2003,F,FLORENCE,336,2.22
2004,F,FLORENCE,288,1.94
2005,F,FLORENCE,330,2.2
2006,F,FLORENCE,378,2.4
2007,F,FLORENCE,375,2.36
2008,F,FLORENCE,382,2.37
2009,F,FLORENCE,392,2.42
2010,F,FLORENCE,376,2.36
2011,F,FLORENCE,439,2.79
2012,F,FLORENCE,445,2.83
2013,F,FLORENCE,457,2.97
2014,F,FLORENCE,484,3.12
2015,F,FLORENCE,463,3.14
2016,F,FLORENCE,474,3.35
2017,F,FLORENCE,488,3.67
2018,F,FLORENCE,439,3.5
1980,F,FREDERIQUE,17,0.07
1981,F,FREDERIQUE,18,0.07
1982,F,FREDERIQUE,18,0.07
1983,F,FREDERIQUE,14,0.06
1984,F,FREDERIQUE,21,0.09
1985,F,FREDERIQUE,20,0.09
1986,F,FREDERIQUE,23,0.1
1987,F,FREDERIQUE,26,0.12
1988,F,FREDERIQUE,30,0.13
1989,F,FREDERIQUE,48,0.2
1990,F,FREDERIQUE,84,0.33
1991,F,FREDERIQUE,194,0.77
1992,F,FREDERIQUE,195,0.81
1993,F,FREDERIQUE,230,1
1994,F,FREDERIQUE,254,1.11
1995,F,FREDERIQUE,262,1.21
1996,F,FREDERIQUE,266,1.31
1997,F,FREDERIQUE,221,1.2
1998,F,FREDERIQUE,184,1.07
1999,F,FREDERIQUE,158,0.97
2000,F,FREDERIQUE,129,0.83
2001,F,FREDERIQUE,151,0.94
2002,F,FREDERIQUE,102,0.67
2003,F,FREDERIQUE,136,0.9
2004,F,FREDERIQUE,136,0.92
2005,F,FREDERIQUE,126,0.84
2006,F,FREDERIQUE,122,0.77
2007,F,FREDERIQUE,219,1.38
2008,F,FREDERIQUE,175,1.08
2009,F,FREDERIQUE,143,0.88
2010,F,FREDERIQUE,104,0.65
2011,F,FREDERIQUE,115,0.73
2012,F,FREDERIQUE,95,0.6
2013,F,FREDERIQUE,104,0.68
2014,F,FREDERIQUE,94,0.61
2015,F,FREDERIQUE,93,0.63
2016,F,FREDERIQUE,63,0.44
2017,F,FREDERIQUE,60,0.45
2018,F,FREDERIQUE,39,0.31
1980,F,GABRIELLE,59,0.23
1981,F,GABRIELLE,86,0.34
1982,F,GABRIELLE,118,0.49
1983,F,GABRIELLE,156,0.66
1984,F,GABRIELLE,200,0.86
1985,F,GABRIELLE,202,0.89
1986,F,GABRIELLE,235,1.05
1987,F,GABRIELLE,248,1.12
1988,F,GABRIELLE,348,1.51
1989,F,GABRIELLE,399,1.64
1990,F,GABRIELLE,453,1.77
1991,F,GABRIELLE,470,1.87
1992,F,GABRIELLE,430,1.79
1993,F,GABRIELLE,417,1.81
1994,F,GABRIELLE,425,1.85
1995,F,GABRIELLE,471,2.18
1996,F,GABRIELLE,511,2.51
1997,F,GABRIELLE,547,2.97
1998,F,GABRIELLE,555,3.23
1999,F,GABRIELLE,524,3.22
2000,F,GABRIELLE,484,3.1
2001,F,GABRIELLE,541,3.38
2002,F,GABRIELLE,447,2.96
2003,F,GABRIELLE,381,2.52
2004,F,GABRIELLE,286,1.93
2005,F,GABRIELLE,287,1.91
2006,F,GABRIELLE,341,2.16
2007,F,GABRIELLE,385,2.42
2008,F,GABRIELLE,350,2.17
2009,F,GABRIELLE,349,2.15
2010,F,GABRIELLE,298,1.87
2011,F,GABRIELLE,240,1.53
2012,F,GABRIELLE,263,1.67
2013,F,GABRIELLE,209,1.36
2014,F,GABRIELLE,220,1.42
2015,F,GABRIELLE,176,1.19
2016,F,GABRIELLE,185,1.31
2017,F,GABRIELLE,136,1.02
2018,F,GABRIELLE,150,1.19
1980,F,GENEVIEVE,1524,6.05
1981,F,GENEVIEVE,1403,5.61
1982,F,GENEVIEVE,1204,4.96
1983,F,GENEVIEVE,1021,4.35
1984,F,GENEVIEVE,936,4.01
1985,F,GENEVIEVE,826,3.66
1986,F,GENEVIEVE,739,3.31
1987,F,GENEVIEVE,636,2.86
1988,F,GENEVIEVE,550,2.39
1989,F,GENEVIEVE,583,2.39
1990,F,GENEVIEVE,577,2.25
1991,F,GENEVIEVE,525,2.08
1992,F,GENEVIEVE,402,1.67
1993,F,GENEVIEVE,334,1.45
1994,F,GENEVIEVE,325,1.42
1995,F,GENEVIEVE,226,1.05
1996,F,GENEVIEVE,193,0.95
1997,F,GENEVIEVE,164,0.89
1998,F,GENEVIEVE,110,0.64
1999,F,GENEVIEVE,93,0.57
2000,F,GENEVIEVE,77,0.49
2001,F,GENEVIEVE,73,0.46
2002,F,GENEVIEVE,49,0.32
2003,F,GENEVIEVE,42,0.28
2004,F,GENEVIEVE,21,0.14
2005,F,GENEVIEVE,17,0.11
2006,F,GENEVIEVE,21,0.13
2007,F,GENEVIEVE,19,0.12
2008,F,GENEVIEVE,16,0.1
2009,F,GENEVIEVE,11,0.07
2010,F,GENEVIEVE,13,0.08
2011,F,GENEVIEVE,10,0.06
2012,F,GENEVIEVE,11,0.07
2013,F,GENEVIEVE,7,0.05
2014,F,GENEVIEVE,4,0.03
2015,F,GENEVIEVE,7,0.05
2016,F,GENEVIEVE,1,0.01
2017,F,GENEVIEVE,7,0.05
2018,F,GENEVIEVE,4,0.03
1980,F,ISABELLE,1481,5.88
1981,F,ISABELLE,1341,5.36
1982,F,ISABELLE,1157,4.76
1983,F,ISABELLE,1017,4.33
1984,F,ISABELLE,890,3.82
1985,F,ISABELLE,788,3.49
1986,F,ISABELLE,594,2.66
1987,F,ISABELLE,514,2.31
1988,F,ISABELLE,451,1.96
1989,F,ISABELLE,510,2.09
1990,F,ISABELLE,370,1.45
1991,F,ISABELLE,326,1.29
1992,F,ISABELLE,341,1.42
1993,F,ISABELLE,278,1.21
1994,F,ISABELLE,278,1.21
1995,F,ISABELLE,240,1.11
1996,F,ISABELLE,186,0.91
1997,F,ISABELLE,146,0.79
1998,F,ISABELLE,129,0.75
1999,F,ISABELLE,110,0.68
2000,F,ISABELLE,111,0.71
2001,F,ISABELLE,93,0.58
2002,F,ISABELLE,60,0.4
2003,F,ISABELLE,44,0.29
2004,F,ISABELLE,55,0.37
2005,F,ISABELLE,50,0.33
2006,F,ISABELLE,44,0.28
2007,F,ISABELLE,53,0.33
2008,F,ISABELLE,45,0.28
2009,F,ISABELLE,42,0.26
2010,F,ISABELLE,45,0.28
2011,F,ISABELLE,36,0.23
2012,F,ISABELLE,36,0.23
2013,F,ISABELLE,49,0.32
2014,F,ISABELLE,53,0.34
2015,F,ISABELLE,43,0.29
2016,F,ISABELLE,27,0.19
2017,F,ISABELLE,35,0.26
2018,F,ISABELLE,19,0.15
1980,F,JADE,8,0.03
1981,F,JADE,14,0.06
1982,F,JADE,27,0.11
1983,F,JADE,26,0.11
1984,F,JADE,34,0.15
1985,F,JADE,29,0.13
1986,F,JADE,46,0.21
1987,F,JADE,64,0.29
1988,F,JADE,86,0.37
1989,F,JADE,136,0.56
1990,F,JADE,169,0.66
1991,F,JADE,150,0.6
1992,F,JADE,172,0.71
1993,F,JADE,208,0.9
1994,F,JADE,248,1.08
1995,F,JADE,264,1.22
1996,F,JADE,311,1.53
1997,F,JADE,295,1.6
1998,F,JADE,328,1.91
1999,F,JADE,358,2.2
2000,F,JADE,331,2.12
2001,F,JADE,379,2.37
2002,F,JADE,364,2.41
2003,F,JADE,343,2.27
2004,F,JADE,341,2.3
2005,F,JADE,397,2.65
2006,F,JADE,419,2.66
2007,F,JADE,416,2.61
2008,F,JADE,373,2.31
2009,F,JADE,368,2.27
2010,F,JADE,328,2.06
2011,F,JADE,337,2.15
2012,F,JADE,303,1.93
2013,F,JADE,311,2.02
2014,F,JADE,314,2.03
2015,F,JADE,336,2.28
2016,F,JADE,327,2.31
2017,F,JADE,326,2.45
2018,F,JADE,276,2.2
1980,F,JASMINE,35,0.14
1981,F,JASMINE,31,0.12
1982,F,JASMINE,41,0.17
1983,F,JASMINE,24,0.1
1984,F,JASMINE,29,0.12
1985,F,JASMINE,30,0.13
1986,F,JASMINE,33,0.15
1987,F,JASMINE,28,0.13
1988,F,JASMINE,32,0.14
1989,F,JASMINE,40,0.16
1990,F,JASMINE,37,0.14
1991,F,JASMINE,44,0.17
1992,F,JASMINE,45,0.19
1993,F,JASMINE,61,0.26
1994,F,JASMINE,111,0.48
1995,F,JASMINE,114,0.53
1996,F,JASMINE,130,0.64
1997,F,JASMINE,89,0.48
1998,F,JASMINE,111,0.65
1999,F,JASMINE,112,0.69
2000,F,JASMINE,113,0.72
2001,F,JASMINE,114,0.71
2002,F,JASMINE,104,0.69
2003,F,JASMINE,129,0.85
2004,F,JASMINE,142,0.96
2005,F,JASMINE,168,1.12
2006,F,JASMINE,162,1.03
2007,F,JASMINE,181,1.14
2008,F,JASMINE,206,1.28
2009,F,JASMINE,172,1.06
2010,F,JASMINE,145,0.91
2011,F,JASMINE,179,1.14
2012,F,JASMINE,188,1.2
2013,F,JASMINE,171,1.11
2014,F,JASMINE,159,1.03
2015,F,JASMINE,142,0.96
2016,F,JASMINE,154,1.09
2017,F,JASMINE,140,1.05
2018,F,JASMINE,125,1
1980,F,JENNIFER,296,1.17
1981,F,JENNIFER,296,1.18
1982,F,JENNIFER,362,1.49
1983,F,JENNIFER,330,1.4
1984,F,JENNIFER,297,1.27
1985,F,JENNIFER,345,1.53
1986,F,JENNIFER,330,1.48
1987,F,JENNIFER,265,1.19
1988,F,JENNIFER,313,1.36
1989,F,JENNIFER,314,1.29
1990,F,JENNIFER,255,1
1991,F,JENNIFER,302,1.2
1992,F,JENNIFER,273,1.13
1993,F,JENNIFER,217,0.94
1994,F,JENNIFER,220,0.96
1995,F,JENNIFER,220,1.02
1996,F,JENNIFER,170,0.84
1997,F,JENNIFER,154,0.84
1998,F,JENNIFER,139,0.81
1999,F,JENNIFER,115,0.71
2000,F,JENNIFER,109,0.7
2001,F,JENNIFER,124,0.78
2002,F,JENNIFER,86,0.57
2003,F,JENNIFER,70,0.46
2004,F,JENNIFER,57,0.38
2005,F,JENNIFER,47,0.31
2006,F,JENNIFER,50,0.32
2007,F,JENNIFER,36,0.23
2008,F,JENNIFER,36,0.22
2009,F,JENNIFER,28,0.17
2010,F,JENNIFER,17,0.11
2011,F,JENNIFER,16,0.1
2012,F,JENNIFER,20,0.13
2013,F,JENNIFER,15,0.1
2014,F,JENNIFER,15,0.1
2015,F,JENNIFER,20,0.14
2016,F,JENNIFER,5,0.04
2017,F,JENNIFER,9,0.07
2018,F,JENNIFER,8,0.06
1980,F,JESSICA,177,0.7
1981,F,JESSICA,329,1.32
1982,F,JESSICA,383,1.58
1983,F,JESSICA,538,2.29
1984,F,JESSICA,594,2.55
1985,F,JESSICA,630,2.79
1986,F,JESSICA,790,3.54
1987,F,JESSICA,1144,5.15
1988,F,JESSICA,1230,5.35
1989,F,JESSICA,1206,4.95
1990,F,JESSICA,1210,4.73
1991,F,JESSICA,1232,4.89
1992,F,JESSICA,1035,4.3
1993,F,JESSICA,932,4.04
1994,F,JESSICA,897,3.91
1995,F,JESSICA,752,3.48
1996,F,JESSICA,635,3.12
1997,F,JESSICA,499,2.71
1998,F,JESSICA,416,2.42
1999,F,JESSICA,321,1.97
2000,F,JESSICA,310,1.99
2001,F,JESSICA,238,1.49
2002,F,JESSICA,235,1.55
2003,F,JESSICA,164,1.09
2004,F,JESSICA,131,0.88
2005,F,JESSICA,133,0.89
2006,F,JESSICA,108,0.69
2007,F,JESSICA,98,0.62
2008,F,JESSICA,76,0.47
2009,F,JESSICA,69,0.43
2010,F,JESSICA,59,0.37
2011,F,JESSICA,43,0.27
2012,F,JESSICA,37,0.24
2013,F,JESSICA,25,0.16
2014,F,JESSICA,37,0.24
2015,F,JESSICA,27,0.18
2016,F,JESSICA,20,0.14
2017,F,JESSICA,16,0.12
2018,F,JESSICA,17,0.14
1980,F,JOANIE,9,0.04
1981,F,JOANIE,16,0.06
1982,F,JOANIE,101,0.42
1983,F,JOANIE,179,0.76
1984,F,JOANIE,271,1.16
1985,F,JOANIE,263,1.16
1986,F,JOANIE,240,1.08
1987,F,JOANIE,315,1.42
1988,F,JOANIE,270,1.17
1989,F,JOANIE,282,1.16
1990,F,JOANIE,268,1.05
1991,F,JOANIE,330,1.31
1992,F,JOANIE,357,1.48
1993,F,JOANIE,390,1.69
1994,F,JOANIE,347,1.51
1995,F,JOANIE,305,1.41
1996,F,JOANIE,236,1.16
1997,F,JOANIE,192,1.04
1998,F,JOANIE,143,0.83
1999,F,JOANIE,96,0.59
2000,F,JOANIE,103,0.66
2001,F,JOANIE,85,0.53
2002,F,JOANIE,65,0.43
2003,F,JOANIE,60,0.4
2004,F,JOANIE,50,0.34
2005,F,JOANIE,51,0.34
2006,F,JOANIE,41,0.26
2007,F,JOANIE,31,0.19
2008,F,JOANIE,32,0.2
2009,F,JOANIE,37,0.23
2010,F,JOANIE,28,0.18
2011,F,JOANIE,16,0.1
2012,F,JOANIE,12,0.08
2013,F,JOANIE,12,0.08
2014,F,JOANIE,9,0.06
2015,F,JOANIE,3,0.02
2016,F,JOANIE,5,0.04
2017,F,JOANIE,5,0.04
2018,F,JOANIE,6,0.05
1980,F,JULIA,26,0.1
1981,F,JULIA,32,0.13
1982,F,JULIA,45,0.19
1983,F,JULIA,29,0.12
1984,F,JULIA,33,0.14
1985,F,JULIA,23,0.1
1986,F,JULIA,38,0.17
1987,F,JULIA,29,0.13
1988,F,JULIA,44,0.19
1989,F,JULIA,37,0.15
1990,F,JULIA,47,0.18
1991,F,JULIA,69,0.27
1992,F,JULIA,82,0.34
1993,F,JULIA,78,0.34
1994,F,JULIA,98,0.43
1995,F,JULIA,101,0.47
1996,F,JULIA,110,0.54
1997,F,JULIA,97,0.53
1998,F,JULIA,87,0.51
1999,F,JULIA,99,0.61
2000,F,JULIA,109,0.7
2001,F,JULIA,130,0.81
2002,F,JULIA,129,0.85
2003,F,JULIA,114,0.75
2004,F,JULIA,132,0.89
2005,F,JULIA,142,0.95
2006,F,JULIA,131,0.83
2007,F,JULIA,130,0.82
2008,F,JULIA,141,0.87
2009,F,JULIA,137,0.85
2010,F,JULIA,132,0.83
2011,F,JULIA,121,0.77
2012,F,JULIA,150,0.95
2013,F,JULIA,136,0.88
2014,F,JULIA,161,1.04
2015,F,JULIA,181,1.23
2016,F,JULIA,166,1.17
2017,F,JULIA,152,1.14
2018,F,JULIA,172,1.37
1980,F,JULIE,2135,8.47
1981,F,JULIE,1875,7.5
1982,F,JULIE,1686,6.94
1983,F,JULIE,1392,5.92
1984,F,JULIE,1245,5.34
1985,F,JULIE,1122,4.97
1986,F,JULIE,934,4.19
1987,F,JULIE,779,3.51
1988,F,JULIE,627,2.73
1989,F,JULIE,585,2.4
1990,F,JULIE,526,2.05
1991,F,JULIE,494,1.96
1992,F,JULIE,433,1.8
1993,F,JULIE,376,1.63
1994,F,JULIE,316,1.38
1995,F,JULIE,241,1.12
1996,F,JULIE,174,0.86
1997,F,JULIE,140,0.76
1998,F,JULIE,122,0.71
1999,F,JULIE,116,0.71
2000,F,JULIE,56,0.36
2001,F,JULIE,51,0.32
2002,F,JULIE,52,0.34
2003,F,JULIE,46,0.3
2004,F,JULIE,34,0.23
2005,F,JULIE,30,0.2
2006,F,JULIE,29,0.18
2007,F,JULIE,30,0.19
2008,F,JULIE,21,0.13
2009,F,JULIE,16,0.1
2010,F,JULIE,20,0.13
2011,F,JULIE,10,0.06
2012,F,JULIE,14,0.09
2013,F,JULIE,14,0.09
2014,F,JULIE,11,0.07
2015,F,JULIE,19,0.13
2016,F,JULIE,11,0.08
2017,F,JULIE,10,0.08
2018,F,JULIE,6,0.05
1980,F,JULIETTE,1,0
1981,F,JULIETTE,2,0.01
1982,F,JULIETTE,2,0.01
1983,F,JULIETTE,2,0.01
1984,F,JULIETTE,4,0.02
1985,F,JULIETTE,1,0
1986,F,JULIETTE,3,0.01
1987,F,JULIETTE,4,0.02
1988,F,JULIETTE,3,0.01
1989,F,JULIETTE,8,0.03
1990,F,JULIETTE,11,0.04
1991,F,JULIETTE,10,0.04
1992,F,JULIETTE,12,0.05
1993,F,JULIETTE,10,0.04
1994,F,JULIETTE,21,0.09
1995,F,JULIETTE,31,0.14
1996,F,JULIETTE,50,0.25
1997,F,JULIETTE,74,0.4
1998,F,JULIETTE,79,0.46
1999,F,JULIETTE,150,0.92
2000,F,JULIETTE,176,1.13
2001,F,JULIETTE,232,1.45
2002,F,JULIETTE,238,1.57
2003,F,JULIETTE,261,1.73
2004,F,JULIETTE,271,1.83
2005,F,JULIETTE,270,1.8
2006,F,JULIETTE,291,1.85
2007,F,JULIETTE,383,2.41
2008,F,JULIETTE,349,2.16
2009,F,JULIETTE,364,2.25
2010,F,JULIETTE,396,2.49
2011,F,JULIETTE,404,2.57
2012,F,JULIETTE,370,2.36
2013,F,JULIETTE,370,2.4
2014,F,JULIETTE,338,2.18
2015,F,JULIETTE,337,2.28
2016,F,JULIETTE,330,2.33
2017,F,JULIETTE,303,2.28
2018,F,JULIETTE,283,2.25
1980,F,JUSTINE,12,0.05
1981,F,JUSTINE,22,0.09
1982,F,JUSTINE,35,0.14
1983,F,JUSTINE,27,0.11
1984,F,JUSTINE,66,0.28
1985,F,JUSTINE,85,0.38
1986,F,JUSTINE,91,0.41
1987,F,JUSTINE,76,0.34
1988,F,JUSTINE,80,0.35
1989,F,JUSTINE,87,0.36
1990,F,JUSTINE,104,0.41
1991,F,JUSTINE,135,0.54
1992,F,JUSTINE,130,0.54
1993,F,JUSTINE,167,0.72
1994,F,JUSTINE,168,0.73
1995,F,JUSTINE,191,0.88
1996,F,JUSTINE,217,1.07
1997,F,JUSTINE,264,1.43
1998,F,JUSTINE,218,1.27
1999,F,JUSTINE,209,1.28
2000,F,JUSTINE,235,1.51
2001,F,JUSTINE,250,1.56
2002,F,JUSTINE,228,1.51
2003,F,JUSTINE,221,1.46
2004,F,JUSTINE,216,1.46
2005,F,JUSTINE,250,1.67
2006,F,JUSTINE,271,1.72
2007,F,JUSTINE,225,1.41
2008,F,JUSTINE,248,1.54
2009,F,JUSTINE,211,1.3
2010,F,JUSTINE,167,1.05
2011,F,JUSTINE,168,1.07
2012,F,JUSTINE,151,0.96
2013,F,JUSTINE,151,0.98
2014,F,JUSTINE,158,1.02
2015,F,JUSTINE,136,0.92
2016,F,JUSTINE,126,0.89
2017,F,JUSTINE,127,0.95
2018,F,JUSTINE,115,0.92
1980,F,KARINE,1718,6.82
1981,F,KARINE,1471,5.88
1982,F,KARINE,1225,5.04
1983,F,KARINE,1058,4.5
1984,F,KARINE,1014,4.35
1985,F,KARINE,948,4.2
1986,F,KARINE,774,3.47
1987,F,KARINE,612,2.76
1988,F,KARINE,556,2.42
1989,F,KARINE,452,1.85
1990,F,KARINE,465,1.82
1991,F,KARINE,394,1.56
1992,F,KARINE,338,1.4
1993,F,KARINE,300,1.3
1994,F,KARINE,237,1.03
1995,F,KARINE,183,0.85
1996,F,KARINE,141,0.69
1997,F,KARINE,105,0.57
1998,F,KARINE,80,0.47
1999,F,KARINE,60,0.37
2000,F,KARINE,47,0.3
2001,F,KARINE,28,0.18
2002,F,KARINE,18,0.12
2003,F,KARINE,20,0.13
2004,F,KARINE,14,0.09
2005,F,KARINE,11,0.07
2006,F,KARINE,6,0.04
2007,F,KARINE,7,0.04
2008,F,KARINE,7,0.04
2009,F,KARINE,4,0.02
2010,F,KARINE,2,0.01
2011,F,KARINE,4,0.03
2012,F,KARINE,3,0.02
2013,F,KARINE,3,0.02
2014,F,KARINE,2,0.01
2015,F,KARINE,0,0
2016,F,KARINE,0,0
2017,F,KARINE,2,0.02
2018,F,KARINE,1,0.01
1980,F,KIM,149,0.59
1981,F,KIM,180,0.72
1982,F,KIM,180,0.74
1983,F,KIM,154,0.66
1984,F,KIM,222,0.95
1985,F,KIM,196,0.87
1986,F,KIM,207,0.93
1987,F,KIM,192,0.86
1988,F,KIM,215,0.93
1989,F,KIM,184,0.75
1990,F,KIM,348,1.36
1991,F,KIM,386,1.53
1992,F,KIM,359,1.49
1993,F,KIM,346,1.5
1994,F,KIM,293,1.28
1995,F,KIM,301,1.39
1996,F,KIM,284,1.4
1997,F,KIM,213,1.16
1998,F,KIM,189,1.1
1999,F,KIM,139,0.85
2000,F,KIM,132,0.85
2001,F,KIM,117,0.73
2002,F,KIM,91,0.6
2003,F,KIM,64,0.42
2004,F,KIM,53,0.36
2005,F,KIM,74,0.49
2006,F,KIM,67,0.43
2007,F,KIM,72,0.45
2008,F,KIM,54,0.33
2009,F,KIM,49,0.3
2010,F,KIM,50,0.31
2011,F,KIM,32,0.2
2012,F,KIM,25,0.16
2013,F,KIM,46,0.3
2014,F,KIM,36,0.23
2015,F,KIM,29,0.2
2016,F,KIM,24,0.17
2017,F,KIM,19,0.14
2018,F,KIM,15,0.12
1980,F,LAURA,48,0.19
1981,F,LAURA,72,0.29
1982,F,LAURA,75,0.31
1983,F,LAURA,68,0.29
1984,F,LAURA,77,0.33
1985,F,LAURA,84,0.37
1986,F,LAURA,97,0.43
1987,F,LAURA,96,0.43
1988,F,LAURA,105,0.46
1989,F,LAURA,110,0.45
1990,F,LAURA,120,0.47
1991,F,LAURA,114,0.45
1992,F,LAURA,120,0.5
1993,F,LAURA,132,0.57
1994,F,LAURA,124,0.54
1995,F,LAURA,120,0.56
1996,F,LAURA,126,0.62
1997,F,LAURA,114,0.62
1998,F,LAURA,124,0.72
1999,F,LAURA,117,0.72
2000,F,LAURA,108,0.69
2001,F,LAURA,122,0.76
2002,F,LAURA,114,0.75
2003,F,LAURA,101,0.67
2004,F,LAURA,100,0.67
2005,F,LAURA,101,0.67
2006,F,LAURA,105,0.67
2007,F,LAURA,113,0.71
2008,F,LAURA,89,0.55
2009,F,LAURA,112,0.69
2010,F,LAURA,87,0.55
2011,F,LAURA,72,0.46
2012,F,LAURA,66,0.42
2013,F,LAURA,83,0.54
2014,F,LAURA,78,0.5
2015,F,LAURA,100,0.68
2016,F,LAURA,82,0.58
2017,F,LAURA,95,0.71
2018,F,LAURA,88,0.7
1980,F,LAURENCE,29,0.12
1981,F,LAURENCE,51,0.2
1982,F,LAURENCE,34,0.14
1983,F,LAURENCE,64,0.27
1984,F,LAURENCE,85,0.36
1985,F,LAURENCE,113,0.5
1986,F,LAURENCE,115,0.52
1987,F,LAURENCE,129,0.58
1988,F,LAURENCE,122,0.53
1989,F,LAURENCE,106,0.43
1990,F,LAURENCE,263,1.03
1991,F,LAURENCE,441,1.75
1992,F,LAURENCE,476,1.98
1993,F,LAURENCE,509,2.21
1994,F,LAURENCE,440,1.92
1995,F,LAURENCE,490,2.27
1996,F,LAURENCE,531,2.61
1997,F,LAURENCE,498,2.71
1998,F,LAURENCE,440,2.56
1999,F,LAURENCE,359,2.21
2000,F,LAURENCE,309,1.98
2001,F,LAURENCE,336,2.1
2002,F,LAURENCE,347,2.29
2003,F,LAURENCE,363,2.4
2004,F,LAURENCE,357,2.41
2005,F,LAURENCE,326,2.17
2006,F,LAURENCE,310,1.97
2007,F,LAURENCE,296,1.86
2008,F,LAURENCE,369,2.29
2009,F,LAURENCE,300,1.85
2010,F,LAURENCE,325,2.04
2011,F,LAURENCE,309,1.97
2012,F,LAURENCE,337,2.14
2013,F,LAURENCE,264,1.71
2014,F,LAURENCE,256,1.65
2015,F,LAURENCE,264,1.79
2016,F,LAURENCE,236,1.67
2017,F,LAURENCE,210,1.58
2018,F,LAURENCE,183,1.46
1980,F,LAURIE,43,0.17
1981,F,LAURIE,49,0.2
1982,F,LAURIE,58,0.24
1983,F,LAURIE,54,0.23
1984,F,LAURIE,81,0.35
1985,F,LAURIE,89,0.39
1986,F,LAURIE,92,0.41
1987,F,LAURIE,101,0.45
1988,F,LAURIE,99,0.43
1989,F,LAURIE,118,0.48
1990,F,LAURIE,137,0.54
1991,F,LAURIE,172,0.68
1992,F,LAURIE,199,0.83
1993,F,LAURIE,230,1
1994,F,LAURIE,244,1.06
1995,F,LAURIE,269,1.24
1996,F,LAURIE,260,1.28
1997,F,LAURIE,253,1.37
1998,F,LAURIE,364,2.12
1999,F,LAURIE,416,2.56
2000,F,LAURIE,436,2.79
2001,F,LAURIE,433,2.71
2002,F,LAURIE,447,2.96
2003,F,LAURIE,329,2.18
2004,F,LAURIE,259,1.75
2005,F,LAURIE,260,1.73
2006,F,LAURIE,328,2.08
2007,F,LAURIE,217,1.36
2008,F,LAURIE,273,1.69
2009,F,LAURIE,217,1.34
2010,F,LAURIE,174,1.09
2011,F,LAURIE,197,1.25
2012,F,LAURIE,190,1.21
2013,F,LAURIE,198,1.29
2014,F,LAURIE,202,1.3
2015,F,LAURIE,196,1.33
2016,F,LAURIE,144,1.02
2017,F,LAURIE,130,0.98
2018,F,LAURIE,123,0.98
1980,F,LEA,11,0.04
1981,F,LEA,12,0.05
1982,F,LEA,12,0.05
1983,F,LEA,14,0.06
1984,F,LEA,22,0.09
1985,F,LEA,16,0.07
1986,F,LEA,25,0.11
1987,F,LEA,27,0.12
1988,F,LEA,35,0.15
1989,F,LEA,49,0.2
1990,F,LEA,67,0.26
1991,F,LEA,67,0.27
1992,F,LEA,93,0.39
1993,F,LEA,70,0.3
1994,F,LEA,96,0.42
1995,F,LEA,77,0.36
1996,F,LEA,129,0.63
1997,F,LEA,108,0.59
1998,F,LEA,130,0.76
1999,F,LEA,143,0.88
2000,F,LEA,157,1.01
2001,F,LEA,230,1.44
2002,F,LEA,293,1.94
2003,F,LEA,371,2.45
2004,F,LEA,621,4.18
2005,F,LEA,575,3.83
2006,F,LEA,573,3.64
2007,F,LEA,472,2.97
2008,F,LEA,467,2.9
2009,F,LEA,466,2.88
2010,F,LEA,468,2.94
2011,F,LEA,460,2.93
2012,F,LEA,484,3.08
2013,F,LEA,636,4.13
2014,F,LEA,579,3.74
2015,F,LEA,540,3.66
2016,F,LEA,517,3.65
2017,F,LEA,557,4.19
2018,F,LEA,473,3.77
1980,F,MAEVA,0,0
1981,F,MAEVA,0,0
1982,F,MAEVA,0,0
1983,F,MAEVA,0,0
1984,F,MAEVA,1,0
1985,F,MAEVA,2,0.01
1986,F,MAEVA,3,0.01
1987,F,MAEVA,1,0
1988,F,MAEVA,3,0.01
1989,F,MAEVA,2,0.01
1990,F,MAEVA,2,0.01
1991,F,MAEVA,5,0.02
1992,F,MAEVA,6,0.02
1993,F,MAEVA,7,0.03
1994,F,MAEVA,9,0.04
1995,F,MAEVA,6,0.03
1996,F,MAEVA,7,0.03
1997,F,MAEVA,13,0.07
1998,F,MAEVA,13,0.08
1999,F,MAEVA,16,0.1
2000,F,MAEVA,16,0.1
2001,F,MAEVA,26,0.16
2002,F,MAEVA,39,0.26
2003,F,MAEVA,71,0.47
2004,F,MAEVA,82,0.55
2005,F,MAEVA,96,0.64
2006,F,MAEVA,128,0.81
2007,F,MAEVA,158,0.99
2008,F,MAEVA,192,1.19
2009,F,MAEVA,193,1.19
2010,F,MAEVA,214,1.35
2011,F,MAEVA,244,1.55
2012,F,MAEVA,280,1.78
2013,F,MAEVA,265,1.72
2014,F,MAEVA,276,1.78
2015,F,MAEVA,258,1.75
2016,F,MAEVA,269,1.9
2017,F,MAEVA,243,1.83
2018,F,MAEVA,219,1.74
1980,F,MAIKA,4,0.02
1981,F,MAIKA,6,0.02
1982,F,MAIKA,5,0.02
1983,F,MAIKA,3,0.01
1984,F,MAIKA,0,0
1985,F,MAIKA,0,0
1986,F,MAIKA,3,0.01
1987,F,MAIKA,6,0.03
1988,F,MAIKA,5,0.02
1989,F,MAIKA,6,0.02
1990,F,MAIKA,4,0.02
1991,F,MAIKA,8,0.03
1992,F,MAIKA,8,0.03
1993,F,MAIKA,7,0.03
1994,F,MAIKA,12,0.05
1995,F,MAIKA,14,0.06
1996,F,MAIKA,7,0.03
1997,F,MAIKA,22,0.12
1998,F,MAIKA,29,0.17
1999,F,MAIKA,46,0.28
2000,F,MAIKA,47,0.3
2001,F,MAIKA,63,0.39
2002,F,MAIKA,86,0.57
2003,F,MAIKA,145,0.96
2004,F,MAIKA,170,1.15
2005,F,MAIKA,210,1.4
2006,F,MAIKA,280,1.78
2007,F,MAIKA,326,2.05
2008,F,MAIKA,330,2.05
2009,F,MAIKA,331,2.04
2010,F,MAIKA,322,2.02
2011,F,MAIKA,229,1.46
2012,F,MAIKA,207,1.32
2013,F,MAIKA,168,1.09
2014,F,MAIKA,136,0.88
2015,F,MAIKA,96,0.65
2016,F,MAIKA,83,0.59
2017,F,MAIKA,81,0.61
2018,F,MAIKA,90,0.72
1980,F,MARIANNE,116,0.46
1981,F,MARIANNE,151,0.6
1982,F,MARIANNE,107,0.44
1983,F,MARIANNE,118,0.5
1984,F,MARIANNE,98,0.42
1985,F,MARIANNE,86,0.38
1986,F,MARIANNE,94,0.42
1987,F,MARIANNE,85,0.38
1988,F,MARIANNE,82,0.36
1989,F,MARIANNE,99,0.41
1990,F,MARIANNE,109,0.43
1991,F,MARIANNE,149,0.59
1992,F,MARIANNE,186,0.77
1993,F,MARIANNE,217,0.94
1994,F,MARIANNE,215,0.94
1995,F,MARIANNE,202,0.93
1996,F,MARIANNE,252,1.24
1997,F,MARIANNE,263,1.43
1998,F,MARIANNE,228,1.33
1999,F,MARIANNE,248,1.52
2000,F,MARIANNE,287,1.84
2001,F,MARIANNE,268,1.68
2002,F,MARIANNE,243,1.61
2003,F,MARIANNE,243,1.61
2004,F,MARIANNE,213,1.44
2005,F,MARIANNE,227,1.51
2006,F,MARIANNE,230,1.46
2007,F,MARIANNE,205,1.29
2008,F,MARIANNE,253,1.57
2009,F,MARIANNE,241,1.49
2010,F,MARIANNE,210,1.32
2011,F,MARIANNE,228,1.45
2012,F,MARIANNE,186,1.18
2013,F,MARIANNE,155,1.01
2014,F,MARIANNE,139,0.9
2015,F,MARIANNE,82,0.56
2016,F,MARIANNE,106,0.75
2017,F,MARIANNE,79,0.59
2018,F,MARIANNE,71,0.57
1980,F,MARIE CLAUDE,511,2.03
1981,F,MARIE CLAUDE,510,2.04
1982,F,MARIE CLAUDE,433,1.78
1983,F,MARIE CLAUDE,420,1.79
1984,F,MARIE CLAUDE,397,1.7
1985,F,MARIE CLAUDE,307,1.36
1986,F,MARIE CLAUDE,243,1.09
1987,F,MARIE CLAUDE,207,0.93
1988,F,MARIE CLAUDE,189,0.82
1989,F,MARIE CLAUDE,193,0.79
1990,F,MARIE CLAUDE,128,0.5
1991,F,MARIE CLAUDE,125,0.5
1992,F,MARIE CLAUDE,90,0.37
1993,F,MARIE CLAUDE,90,0.39
1994,F,MARIE CLAUDE,63,0.27
1995,F,MARIE CLAUDE,41,0.19
1996,F,MARIE CLAUDE,28,0.14
1997,F,MARIE CLAUDE,29,0.16
1998,F,MARIE CLAUDE,18,0.1
1999,F,MARIE CLAUDE,5,0.03
2000,F,MARIE CLAUDE,10,0.06
2001,F,MARIE CLAUDE,1,0.01
2002,F,MARIE CLAUDE,1,0.01
2003,F,MARIE CLAUDE,2,0.01
2004,F,MARIE CLAUDE,0,0
2005,F,MARIE CLAUDE,0,0
2006,F,MARIE CLAUDE,0,0
2007,F,MARIE CLAUDE,0,0
2008,F,MARIE CLAUDE,0,0
2009,F,MARIE CLAUDE,0,0
2010,F,MARIE CLAUDE,0,0
2011,F,MARIE CLAUDE,0,0
2012,F,MARIE CLAUDE,0,0
2013,F,MARIE CLAUDE,0,0
2014,F,MARIE CLAUDE,0,0
2015,F,MARIE CLAUDE,0,0
2016,F,MARIE CLAUDE,0,0
2017,F,MARIE CLAUDE,0,0
2018,F,MARIE CLAUDE,0,0
1980,F,MARIE EVE,946,3.76
1981,F,MARIE EVE,973,3.89
1982,F,MARIE EVE,1093,4.5
1983,F,MARIE EVE,967,4.12
1984,F,MARIE EVE,959,4.11
1985,F,MARIE EVE,910,4.03
1986,F,MARIE EVE,785,3.52
1987,F,MARIE EVE,736,3.31
1988,F,MARIE EVE,648,2.82
1989,F,MARIE EVE,652,2.67
1990,F,MARIE EVE,583,2.28
1991,F,MARIE EVE,577,2.29
1992,F,MARIE EVE,468,1.94
1993,F,MARIE EVE,375,1.63
1994,F,MARIE EVE,386,1.68
1995,F,MARIE EVE,324,1.5
1996,F,MARIE EVE,190,0.93
1997,F,MARIE EVE,160,0.87
1998,F,MARIE EVE,98,0.57
1999,F,MARIE EVE,75,0.46
2000,F,MARIE EVE,43,0.28
2001,F,MARIE EVE,30,0.19
2002,F,MARIE EVE,8,0.05
2003,F,MARIE EVE,5,0.03
2004,F,MARIE EVE,6,0.04
2005,F,MARIE EVE,6,0.04
2006,F,MARIE EVE,1,0.01
2007,F,MARIE EVE,0,0
2008,F,MARIE EVE,2,0.01
2009,F,MARIE EVE,0,0
2010,F,MARIE EVE,1,0.01
2011,F,MARIE EVE,0,0
2012,F,MARIE EVE,0,0
2013,F,MARIE EVE,0,0
2014,F,MARIE EVE,0,0
2015,F,MARIE EVE,0,0
2016,F,MARIE EVE,0,0
2017,F,MARIE EVE,0,0
2018,F,MARIE EVE,0,0
1980,F,MARIE PIER,40,0.16
1981,F,MARIE PIER,57,0.23
1982,F,MARIE PIER,233,0.96
1983,F,MARIE PIER,395,1.68
1984,F,MARIE PIER,446,1.91
1985,F,MARIE PIER,485,2.15
1986,F,MARIE PIER,591,2.65
1987,F,MARIE PIER,547,2.46
1988,F,MARIE PIER,658,2.86
1989,F,MARIE PIER,745,3.06
1990,F,MARIE PIER,630,2.46
1991,F,MARIE PIER,636,2.53
1992,F,MARIE PIER,455,1.89
1993,F,MARIE PIER,402,1.74
1994,F,MARIE PIER,375,1.64
1995,F,MARIE PIER,313,1.45
1996,F,MARIE PIER,206,1.01
1997,F,MARIE PIER,155,0.84
1998,F,MARIE PIER,107,0.62
1999,F,MARIE PIER,78,0.48
2000,F,MARIE PIER,48,0.31
2001,F,MARIE PIER,46,0.29
2002,F,MARIE PIER,11,0.07
2003,F,MARIE PIER,9,0.06
2004,F,MARIE PIER,3,0.02
2005,F,MARIE PIER,3,0.02
2006,F,MARIE PIER,2,0.01
2007,F,MARIE PIER,0,0
2008,F,MARIE PIER,0,0
2009,F,MARIE PIER,0,0
2010,F,MARIE PIER,1,0.01
2011,F,MARIE PIER,0,0
2012,F,MARIE PIER,0,0
2013,F,MARIE PIER,0,0
2014,F,MARIE PIER,0,0
2015,F,MARIE PIER,0,0
2016,F,MARIE PIER,0,0
2017,F,MARIE PIER,0,0
2018,F,MARIE PIER,0,0
1980,F,MARILOU,54,0.21
1981,F,MARILOU,78,0.31
1982,F,MARILOU,68,0.28
1983,F,MARILOU,61,0.26
1984,F,MARILOU,68,0.29
1985,F,MARILOU,68,0.3
1986,F,MARILOU,49,0.22
1987,F,MARILOU,54,0.24
1988,F,MARILOU,81,0.35
1989,F,MARILOU,75,0.31
1990,F,MARILOU,120,0.47
1991,F,MARILOU,94,0.37
1992,F,MARILOU,76,0.32
1993,F,MARILOU,91,0.39
1994,F,MARILOU,72,0.31
1995,F,MARILOU,123,0.57
1996,F,MARILOU,102,0.5
1997,F,MARILOU,110,0.6
1998,F,MARILOU,115,0.67
1999,F,MARILOU,99,0.61
2000,F,MARILOU,82,0.53
2001,F,MARILOU,100,0.63
2002,F,MARILOU,119,0.79
2003,F,MARILOU,115,0.76
2004,F,MARILOU,154,1.04
2005,F,MARILOU,127,0.85
2006,F,MARILOU,161,1.02
2007,F,MARILOU,151,0.95
2008,F,MARILOU,173,1.07
2009,F,MARILOU,150,0.93
2010,F,MARILOU,143,0.9
2011,F,MARILOU,144,0.92
2012,F,MARILOU,140,0.89
2013,F,MARILOU,105,0.68
2014,F,MARILOU,90,0.58
2015,F,MARILOU,83,0.56
2016,F,MARILOU,69,0.49
2017,F,MARILOU,60,0.45
2018,F,MARILOU,52,0.41
1980,F,MATHILDE,10,0.04
1981,F,MATHILDE,6,0.02
1982,F,MATHILDE,7,0.03
1983,F,MATHILDE,12,0.05
1984,F,MATHILDE,11,0.05
1985,F,MATHILDE,11,0.05
1986,F,MATHILDE,6,0.03
1987,F,MATHILDE,22,0.1
1988,F,MATHILDE,20,0.09
1989,F,MATHILDE,14,0.06
1990,F,MATHILDE,25,0.1
1991,F,MATHILDE,33,0.13
1992,F,MATHILDE,39,0.16
1993,F,MATHILDE,51,0.22
1994,F,MATHILDE,66,0.29
1995,F,MATHILDE,80,0.37
1996,F,MATHILDE,98,0.48
1997,F,MATHILDE,101,0.55
1998,F,MATHILDE,86,0.5
1999,F,MATHILDE,110,0.68
2000,F,MATHILDE,114,0.73
2001,F,MATHILDE,159,0.99
2002,F,MATHILDE,155,1.02
2003,F,MATHILDE,179,1.18
2004,F,MATHILDE,179,1.21
2005,F,MATHILDE,171,1.14
2006,F,MATHILDE,160,1.02
2007,F,MATHILDE,159,1
2008,F,MATHILDE,187,1.16
2009,F,MATHILDE,155,0.96
2010,F,MATHILDE,136,0.86
2011,F,MATHILDE,125,0.8
2012,F,MATHILDE,115,0.73
2013,F,MATHILDE,108,0.7
2014,F,MATHILDE,101,0.65
2015,F,MATHILDE,113,0.77
2016,F,MATHILDE,106,0.75
2017,F,MATHILDE,118,0.89
2018,F,MATHILDE,99,0.79
1980,F,MAUDE,136,0.54
1981,F,MAUDE,139,0.56
1982,F,MAUDE,167,0.69
1983,F,MAUDE,220,0.94
1984,F,MAUDE,266,1.14
1985,F,MAUDE,194,0.86
1986,F,MAUDE,220,0.99
1987,F,MAUDE,280,1.26
1988,F,MAUDE,269,1.17
1989,F,MAUDE,279,1.14
1990,F,MAUDE,352,1.37
1991,F,MAUDE,399,1.58
1992,F,MAUDE,519,2.16
1993,F,MAUDE,406,1.76
1994,F,MAUDE,449,1.96
1995,F,MAUDE,605,2.8
1996,F,MAUDE,554,2.72
1997,F,MAUDE,463,2.51
1998,F,MAUDE,537,3.12
1999,F,MAUDE,516,3.17
2000,F,MAUDE,437,2.8
2001,F,MAUDE,353,2.21
2002,F,MAUDE,306,2.02
2003,F,MAUDE,282,1.87
2004,F,MAUDE,220,1.48
2005,F,MAUDE,190,1.27
2006,F,MAUDE,158,1
2007,F,MAUDE,165,1.04
2008,F,MAUDE,181,1.12
2009,F,MAUDE,156,0.96
2010,F,MAUDE,154,0.97
2011,F,MAUDE,108,0.69
2012,F,MAUDE,104,0.66
2013,F,MAUDE,96,0.62
2014,F,MAUDE,81,0.52
2015,F,MAUDE,63,0.43
2016,F,MAUDE,57,0.4
2017,F,MAUDE,42,0.32
2018,F,MAUDE,43,0.34
1980,F,MAYA,26,0.1
1981,F,MAYA,24,0.1
1982,F,MAYA,16,0.07
1983,F,MAYA,18,0.08
1984,F,MAYA,23,0.1
1985,F,MAYA,14,0.06
1986,F,MAYA,10,0.04
1987,F,MAYA,17,0.08
1988,F,MAYA,15,0.07
1989,F,MAYA,7,0.03
1990,F,MAYA,10,0.04
1991,F,MAYA,15,0.06
1992,F,MAYA,19,0.08
1993,F,MAYA,18,0.08
1994,F,MAYA,28,0.12
1995,F,MAYA,30,0.14
1996,F,MAYA,34,0.17
1997,F,MAYA,27,0.15
1998,F,MAYA,46,0.27
1999,F,MAYA,72,0.44
2000,F,MAYA,77,0.49
2001,F,MAYA,107,0.67
2002,F,MAYA,115,0.76
2003,F,MAYA,157,1.04
2004,F,MAYA,204,1.37
2005,F,MAYA,210,1.4
2006,F,MAYA,243,1.54
2007,F,MAYA,253,1.59
2008,F,MAYA,209,1.3
2009,F,MAYA,206,1.27
2010,F,MAYA,207,1.3
2011,F,MAYA,162,1.03
2012,F,MAYA,165,1.05
2013,F,MAYA,163,1.06
2014,F,MAYA,155,1
2015,F,MAYA,135,0.91
2016,F,MAYA,130,0.92
2017,F,MAYA,116,0.87
2018,F,MAYA,109,0.87
1980,F,MEGAN,5,0.02
1981,F,MEGAN,4,0.02
1982,F,MEGAN,3,0.01
1983,F,MEGAN,7,0.03
1984,F,MEGAN,6,0.03
1985,F,MEGAN,26,0.12
1986,F,MEGAN,26,0.12
1987,F,MEGAN,24,0.11
1988,F,MEGAN,25,0.11
1989,F,MEGAN,22,0.09
1990,F,MEGAN,32,0.12
1991,F,MEGAN,41,0.16
1992,F,MEGAN,53,0.22
1993,F,MEGAN,46,0.2
1994,F,MEGAN,81,0.35
1995,F,MEGAN,94,0.44
1996,F,MEGAN,122,0.6
1997,F,MEGAN,152,0.83
1998,F,MEGAN,240,1.4
1999,F,MEGAN,300,1.84
2000,F,MEGAN,356,2.28
2001,F,MEGAN,370,2.31
2002,F,MEGAN,344,2.27
2003,F,MEGAN,328,2.17
2004,F,MEGAN,269,1.81
2005,F,MEGAN,277,1.85
2006,F,MEGAN,210,1.33
2007,F,MEGAN,178,1.12
2008,F,MEGAN,172,1.07
2009,F,MEGAN,179,1.11
2010,F,MEGAN,194,1.22
2011,F,MEGAN,190,1.21
2012,F,MEGAN,176,1.12
2013,F,MEGAN,122,0.79
2014,F,MEGAN,123,0.79
2015,F,MEGAN,124,0.84
2016,F,MEGAN,100,0.71
2017,F,MEGAN,86,0.65
2018,F,MEGAN,68,0.54
1980,F,MEGANE,0,0
1981,F,MEGANE,0,0
1982,F,MEGANE,0,0
1983,F,MEGANE,0,0
1984,F,MEGANE,1,0
1985,F,MEGANE,0,0
1986,F,MEGANE,0,0
1987,F,MEGANE,3,0.01
1988,F,MEGANE,5,0.02
1989,F,MEGANE,1,0
1990,F,MEGANE,5,0.02
1991,F,MEGANE,9,0.04
1992,F,MEGANE,11,0.05
1993,F,MEGANE,20,0.09
1994,F,MEGANE,19,0.08
1995,F,MEGANE,60,0.28
1996,F,MEGANE,55,0.27
1997,F,MEGANE,90,0.49
1998,F,MEGANE,158,0.92
1999,F,MEGANE,176,1.08
2000,F,MEGANE,218,1.4
2001,F,MEGANE,276,1.73
2002,F,MEGANE,304,2.01
2003,F,MEGANE,269,1.78
2004,F,MEGANE,307,2.07
2005,F,MEGANE,291,1.94
2006,F,MEGANE,269,1.71
2007,F,MEGANE,293,1.84
2008,F,MEGANE,273,1.69
2009,F,MEGANE,246,1.52
2010,F,MEGANE,254,1.6
2011,F,MEGANE,236,1.5
2012,F,MEGANE,218,1.39
2013,F,MEGANE,202,1.31
2014,F,MEGANE,161,1.04
2015,F,MEGANE,134,0.91
2016,F,MEGANE,110,0.78
2017,F,MEGANE,102,0.77
2018,F,MEGANE,108,0.86
1980,F,MELANIE,1788,7.1
1981,F,MELANIE,1595,6.38
1982,F,MELANIE,1415,5.82
1983,F,MELANIE,1139,4.85
1984,F,MELANIE,1015,4.35
1985,F,MELANIE,786,3.48
1986,F,MELANIE,747,3.35
1987,F,MELANIE,564,2.54
1988,F,MELANIE,552,2.4
1989,F,MELANIE,491,2.01
1990,F,MELANIE,489,1.91
1991,F,MELANIE,466,1.85
1992,F,MELANIE,371,1.54
1993,F,MELANIE,319,1.38
1994,F,MELANIE,250,1.09
1995,F,MELANIE,223,1.03
1996,F,MELANIE,180,0.88
1997,F,MELANIE,151,0.82
1998,F,MELANIE,128,0.74
1999,F,MELANIE,78,0.48
2000,F,MELANIE,68,0.44
2001,F,MELANIE,60,0.38
2002,F,MELANIE,42,0.28
2003,F,MELANIE,26,0.17
2004,F,MELANIE,27,0.18
2005,F,MELANIE,17,0.11
2006,F,MELANIE,13,0.08
2007,F,MELANIE,14,0.09
2008,F,MELANIE,16,0.1
2009,F,MELANIE,17,0.1
2010,F,MELANIE,9,0.06
2011,F,MELANIE,8,0.05
2012,F,MELANIE,17,0.11
2013,F,MELANIE,10,0.06
2014,F,MELANIE,5,0.03
2015,F,MELANIE,8,0.05
2016,F,MELANIE,10,0.07
2017,F,MELANIE,3,0.02
2018,F,MELANIE,3,0.02
1980,F,MELISSA,847,3.36
1981,F,MELISSA,817,3.27
1982,F,MELISSA,764,3.14
1983,F,MELISSA,808,3.44
1984,F,MELISSA,793,3.4
1985,F,MELISSA,740,3.28
1986,F,MELISSA,732,3.28
1987,F,MELISSA,671,3.02
1988,F,MELISSA,706,3.07
1989,F,MELISSA,866,3.55
1990,F,MELISSA,875,3.42
1991,F,MELISSA,766,3.04
1992,F,MELISSA,652,2.71
1993,F,MELISSA,617,2.68
1994,F,MELISSA,615,2.68
1995,F,MELISSA,539,2.49
1996,F,MELISSA,415,2.04
1997,F,MELISSA,350,1.9
1998,F,MELISSA,249,1.45
1999,F,MELISSA,220,1.35
2000,F,MELISSA,179,1.15
2001,F,MELISSA,166,1.04
2002,F,MELISSA,130,0.86
2003,F,MELISSA,110,0.73
2004,F,MELISSA,80,0.54
2005,F,MELISSA,82,0.55
2006,F,MELISSA,69,0.44
2007,F,MELISSA,57,0.36
2008,F,MELISSA,76,0.47
2009,F,MELISSA,61,0.38
2010,F,MELISSA,45,0.28
2011,F,MELISSA,40,0.25
2012,F,MELISSA,37,0.24
2013,F,MELISSA,34,0.22
2014,F,MELISSA,35,0.23
2015,F,MELISSA,39,0.26
2016,F,MELISSA,26,0.18
2017,F,MELISSA,33,0.25
2018,F,MELISSA,20,0.16
1980,F,MELODIE,23,0.09
1981,F,MELODIE,43,0.17
1982,F,MELODIE,44,0.18
1983,F,MELODIE,55,0.23
1984,F,MELODIE,48,0.21
1985,F,MELODIE,47,0.21
1986,F,MELODIE,38,0.17
1987,F,MELODIE,50,0.23
1988,F,MELODIE,40,0.17
1989,F,MELODIE,54,0.22
1990,F,MELODIE,60,0.23
1991,F,MELODIE,58,0.23
1992,F,MELODIE,100,0.42
1993,F,MELODIE,100,0.43
1994,F,MELODIE,102,0.45
1995,F,MELODIE,80,0.37
1996,F,MELODIE,91,0.45
1997,F,MELODIE,93,0.51
1998,F,MELODIE,97,0.56
1999,F,MELODIE,71,0.44
2000,F,MELODIE,116,0.74
2001,F,MELODIE,136,0.85
2002,F,MELODIE,151,1
2003,F,MELODIE,151,1
2004,F,MELODIE,140,0.94
2005,F,MELODIE,170,1.13
2006,F,MELODIE,159,1.01
2007,F,MELODIE,145,0.91
2008,F,MELODIE,182,1.13
2009,F,MELODIE,173,1.07
2010,F,MELODIE,135,0.85
2011,F,MELODIE,139,0.88
2012,F,MELODIE,162,1.03
2013,F,MELODIE,138,0.9
2014,F,MELODIE,135,0.87
2015,F,MELODIE,125,0.85
2016,F,MELODIE,108,0.76
2017,F,MELODIE,114,0.86
2018,F,MELODIE,106,0.84
1980,F,MIA,11,0.04
1981,F,MIA,6,0.02
1982,F,MIA,7,0.03
1983,F,MIA,4,0.02
1984,F,MIA,8,0.03
1985,F,MIA,4,0.02
1986,F,MIA,6,0.03
1987,F,MIA,7,0.03
1988,F,MIA,5,0.02
1989,F,MIA,7,0.03
1990,F,MIA,5,0.02
1991,F,MIA,7,0.03
1992,F,MIA,8,0.03
1993,F,MIA,6,0.03
1994,F,MIA,13,0.06
1995,F,MIA,11,0.05
1996,F,MIA,9,0.04
1997,F,MIA,27,0.15
1998,F,MIA,24,0.14
1999,F,MIA,31,0.19
2000,F,MIA,43,0.28
2001,F,MIA,74,0.46
2002,F,MIA,113,0.75
2003,F,MIA,158,1.05
2004,F,MIA,150,1.01
2005,F,MIA,219,1.46
2006,F,MIA,207,1.31
2007,F,MIA,265,1.67
2008,F,MIA,294,1.82
2009,F,MIA,341,2.11
2010,F,MIA,329,2.07
2011,F,MIA,316,2.01
2012,F,MIA,364,2.32
2013,F,MIA,308,2
2014,F,MIA,332,2.14
2015,F,MIA,325,2.2
2016,F,MIA,331,2.34
2017,F,MIA,301,2.26
2018,F,MIA,273,2.17
1980,F,MYLENE,217,0.86
1981,F,MYLENE,231,0.92
1982,F,MYLENE,222,0.91
1983,F,MYLENE,326,1.39
1984,F,MYLENE,329,1.41
1985,F,MYLENE,294,1.3
1986,F,MYLENE,309,1.38
1987,F,MYLENE,233,1.05
1988,F,MYLENE,186,0.81
1989,F,MYLENE,180,0.74
1990,F,MYLENE,191,0.75
1991,F,MYLENE,194,0.77
1992,F,MYLENE,169,0.7
1993,F,MYLENE,140,0.61
1994,F,MYLENE,114,0.5
1995,F,MYLENE,75,0.35
1996,F,MYLENE,78,0.38
1997,F,MYLENE,59,0.32
1998,F,MYLENE,69,0.4
1999,F,MYLENE,45,0.28
2000,F,MYLENE,32,0.21
2001,F,MYLENE,23,0.14
2002,F,MYLENE,20,0.13
2003,F,MYLENE,18,0.12
2004,F,MYLENE,13,0.09
2005,F,MYLENE,15,0.1
2006,F,MYLENE,12,0.08
2007,F,MYLENE,10,0.06
2008,F,MYLENE,10,0.06
2009,F,MYLENE,4,0.02
2010,F,MYLENE,7,0.04
2011,F,MYLENE,7,0.04
2012,F,MYLENE,6,0.04
2013,F,MYLENE,0,0
2014,F,MYLENE,5,0.03
2015,F,MYLENE,2,0.01
2016,F,MYLENE,7,0.05
2017,F,MYLENE,1,0.01
2018,F,MYLENE,1,0.01
1980,F,MYRIAM,264,1.05
1981,F,MYRIAM,274,1.1
1982,F,MYRIAM,243,1
1983,F,MYRIAM,251,1.07
1984,F,MYRIAM,277,1.19
1985,F,MYRIAM,274,1.21
1986,F,MYRIAM,335,1.5
1987,F,MYRIAM,273,1.23
1988,F,MYRIAM,480,2.09
1989,F,MYRIAM,416,1.71
1990,F,MYRIAM,303,1.18
1991,F,MYRIAM,344,1.37
1992,F,MYRIAM,378,1.57
1993,F,MYRIAM,337,1.46
1994,F,MYRIAM,408,1.78
1995,F,MYRIAM,343,1.59
1996,F,MYRIAM,309,1.52
1997,F,MYRIAM,269,1.46
1998,F,MYRIAM,226,1.31
1999,F,MYRIAM,206,1.27
2000,F,MYRIAM,164,1.05
2001,F,MYRIAM,167,1.04
2002,F,MYRIAM,134,0.89
2003,F,MYRIAM,141,0.93
2004,F,MYRIAM,113,0.76
2005,F,MYRIAM,108,0.72
2006,F,MYRIAM,103,0.65
2007,F,MYRIAM,77,0.48
2008,F,MYRIAM,71,0.44
2009,F,MYRIAM,71,0.44
2010,F,MYRIAM,72,0.45
2011,F,MYRIAM,61,0.39
2012,F,MYRIAM,58,0.37
2013,F,MYRIAM,58,0.38
2014,F,MYRIAM,43,0.28
2015,F,MYRIAM,52,0.35
2016,F,MYRIAM,33,0.23
2017,F,MYRIAM,34,0.26
2018,F,MYRIAM,29,0.23
1980,F,NANCY,625,2.48
1981,F,NANCY,531,2.12
1982,F,NANCY,421,1.73
1983,F,NANCY,407,1.73
1984,F,NANCY,309,1.32
1985,F,NANCY,273,1.21
1986,F,NANCY,227,1.02
1987,F,NANCY,190,0.86
1988,F,NANCY,136,0.59
1989,F,NANCY,112,0.46
1990,F,NANCY,92,0.36
1991,F,NANCY,62,0.25
1992,F,NANCY,67,0.28
1993,F,NANCY,48,0.21
1994,F,NANCY,40,0.17
1995,F,NANCY,35,0.16
1996,F,NANCY,32,0.16
1997,F,NANCY,27,0.15
1998,F,NANCY,10,0.06
1999,F,NANCY,16,0.1
2000,F,NANCY,14,0.09
2001,F,NANCY,10,0.06
2002,F,NANCY,10,0.07
2003,F,NANCY,14,0.09
2004,F,NANCY,7,0.05
2005,F,NANCY,11,0.07
2006,F,NANCY,9,0.06
2007,F,NANCY,6,0.04
2008,F,NANCY,7,0.04
2009,F,NANCY,6,0.04
2010,F,NANCY,4,0.03
2011,F,NANCY,8,0.05
2012,F,NANCY,6,0.04
2013,F,NANCY,4,0.03
2014,F,NANCY,1,0.01
2015,F,NANCY,3,0.02
2016,F,NANCY,2,0.01
2017,F,NANCY,4,0.03
2018,F,NANCY,3,0.02
1980,F,NOEMIE,32,0.13
1981,F,NOEMIE,42,0.17
1982,F,NOEMIE,51,0.21
1983,F,NOEMIE,59,0.25
1984,F,NOEMIE,62,0.27
1985,F,NOEMIE,65,0.29
1986,F,NOEMIE,76,0.34
1987,F,NOEMIE,74,0.33
1988,F,NOEMIE,86,0.37
1989,F,NOEMIE,117,0.48
1990,F,NOEMIE,107,0.42
1991,F,NOEMIE,132,0.52
1992,F,NOEMIE,160,0.66
1993,F,NOEMIE,214,0.93
1994,F,NOEMIE,366,1.6
1995,F,NOEMIE,438,2.03
1996,F,NOEMIE,390,1.92
1997,F,NOEMIE,437,2.37
1998,F,NOEMIE,436,2.54
1999,F,NOEMIE,443,2.72
2000,F,NOEMIE,430,2.76
2001,F,NOEMIE,412,2.58
2002,F,NOEMIE,395,2.61
2003,F,NOEMIE,412,2.73
2004,F,NOEMIE,346,2.33
2005,F,NOEMIE,339,2.26
2006,F,NOEMIE,300,1.9
2007,F,NOEMIE,313,1.97
2008,F,NOEMIE,303,1.88
2009,F,NOEMIE,321,1.98
2010,F,NOEMIE,362,2.28
2011,F,NOEMIE,276,1.76
2012,F,NOEMIE,274,1.74
2013,F,NOEMIE,247,1.6
2014,F,NOEMIE,200,1.29
2015,F,NOEMIE,171,1.16
2016,F,NOEMIE,175,1.24
2017,F,NOEMIE,128,0.96
2018,F,NOEMIE,115,0.92
1980,F,OCEANE,1,0
1981,F,OCEANE,0,0
1982,F,OCEANE,0,0
1983,F,OCEANE,0,0
1984,F,OCEANE,0,0
1985,F,OCEANE,0,0
1986,F,OCEANE,2,0.01
1987,F,OCEANE,1,0
1988,F,OCEANE,1,0
1989,F,OCEANE,0,0
1990,F,OCEANE,2,0.01
1991,F,OCEANE,4,0.02
1992,F,OCEANE,5,0.02
1993,F,OCEANE,2,0.01
1994,F,OCEANE,6,0.03
1995,F,OCEANE,10,0.05
1996,F,OCEANE,13,0.06
1997,F,OCEANE,21,0.11
1998,F,OCEANE,41,0.24
1999,F,OCEANE,47,0.29
2000,F,OCEANE,56,0.36
2001,F,OCEANE,99,0.62
2002,F,OCEANE,161,1.06
2003,F,OCEANE,151,1
2004,F,OCEANE,269,1.81
2005,F,OCEANE,274,1.83
2006,F,OCEANE,313,1.99
2007,F,OCEANE,260,1.63
2008,F,OCEANE,265,1.64
2009,F,OCEANE,255,1.57
2010,F,OCEANE,205,1.29
2011,F,OCEANE,169,1.08
2012,F,OCEANE,144,0.92
2013,F,OCEANE,166,1.08
2014,F,OCEANE,144,0.93
2015,F,OCEANE,142,0.96
2016,F,OCEANE,126,0.89
2017,F,OCEANE,123,0.92
2018,F,OCEANE,136,1.08
1980,F,OLIVIA,11,0.04
1981,F,OLIVIA,10,0.04
1982,F,OLIVIA,14,0.06
1983,F,OLIVIA,12,0.05
1984,F,OLIVIA,17,0.07
1985,F,OLIVIA,26,0.12
1986,F,OLIVIA,16,0.07
1987,F,OLIVIA,31,0.14
1988,F,OLIVIA,28,0.12
1989,F,OLIVIA,40,0.16
1990,F,OLIVIA,48,0.19
1991,F,OLIVIA,71,0.28
1992,F,OLIVIA,72,0.3
1993,F,OLIVIA,79,0.34
1994,F,OLIVIA,89,0.39
1995,F,OLIVIA,74,0.34
1996,F,OLIVIA,72,0.35
1997,F,OLIVIA,65,0.35
1998,F,OLIVIA,65,0.38
1999,F,OLIVIA,87,0.53
2000,F,OLIVIA,91,0.58
2001,F,OLIVIA,97,0.61
2002,F,OLIVIA,98,0.65
2003,F,OLIVIA,109,0.72
2004,F,OLIVIA,130,0.88
2005,F,OLIVIA,152,1.01
2006,F,OLIVIA,157,1
2007,F,OLIVIA,186,1.17
2008,F,OLIVIA,236,1.46
2009,F,OLIVIA,329,2.03
2010,F,OLIVIA,371,2.33
2011,F,OLIVIA,390,2.48
2012,F,OLIVIA,471,3
2013,F,OLIVIA,505,3.28
2014,F,OLIVIA,520,3.36
2015,F,OLIVIA,482,3.27
2016,F,OLIVIA,516,3.64
2017,F,OLIVIA,489,3.68
2018,F,OLIVIA,490,3.9
1980,F,PATRICIA,230,0.91
1981,F,PATRICIA,270,1.08
1982,F,PATRICIA,228,0.94
1983,F,PATRICIA,211,0.9
1984,F,PATRICIA,197,0.84
1985,F,PATRICIA,179,0.79
1986,F,PATRICIA,233,1.04
1987,F,PATRICIA,191,0.86
1988,F,PATRICIA,195,0.85
1989,F,PATRICIA,211,0.87
1990,F,PATRICIA,247,0.96
1991,F,PATRICIA,209,0.83
1992,F,PATRICIA,199,0.83
1993,F,PATRICIA,198,0.86
1994,F,PATRICIA,183,0.8
1995,F,PATRICIA,133,0.62
1996,F,PATRICIA,106,0.52
1997,F,PATRICIA,75,0.41
1998,F,PATRICIA,71,0.41
1999,F,PATRICIA,46,0.28
2000,F,PATRICIA,39,0.25
2001,F,PATRICIA,27,0.17
2002,F,PATRICIA,25,0.17
2003,F,PATRICIA,22,0.15
2004,F,PATRICIA,21,0.14
2005,F,PATRICIA,12,0.08
2006,F,PATRICIA,19,0.12
2007,F,PATRICIA,9,0.06
2008,F,PATRICIA,11,0.07
2009,F,PATRICIA,14,0.09
2010,F,PATRICIA,12,0.08
2011,F,PATRICIA,15,0.1
2012,F,PATRICIA,2,0.01
2013,F,PATRICIA,10,0.06
2014,F,PATRICIA,5,0.03
2015,F,PATRICIA,7,0.05
2016,F,PATRICIA,7,0.05
2017,F,PATRICIA,2,0.02
2018,F,PATRICIA,3,0.02
1980,F,RACHEL,97,0.39
1981,F,RACHEL,94,0.38
1982,F,RACHEL,90,0.37
1983,F,RACHEL,70,0.3
1984,F,RACHEL,102,0.44
1985,F,RACHEL,87,0.39
1986,F,RACHEL,79,0.35
1987,F,RACHEL,74,0.33
1988,F,RACHEL,79,0.34
1989,F,RACHEL,82,0.34
1990,F,RACHEL,121,0.47
1991,F,RACHEL,141,0.56
1992,F,RACHEL,133,0.55
1993,F,RACHEL,125,0.54
1994,F,RACHEL,150,0.65
1995,F,RACHEL,156,0.72
1996,F,RACHEL,175,0.86
1997,F,RACHEL,146,0.79
1998,F,RACHEL,121,0.7
1999,F,RACHEL,113,0.69
2000,F,RACHEL,98,0.63
2001,F,RACHEL,75,0.47
2002,F,RACHEL,73,0.48
2003,F,RACHEL,82,0.54
2004,F,RACHEL,65,0.44
2005,F,RACHEL,67,0.45
2006,F,RACHEL,65,0.41
2007,F,RACHEL,52,0.33
2008,F,RACHEL,50,0.31
2009,F,RACHEL,60,0.37
2010,F,RACHEL,53,0.33
2011,F,RACHEL,47,0.3
2012,F,RACHEL,54,0.34
2013,F,RACHEL,59,0.38
2014,F,RACHEL,55,0.35
2015,F,RACHEL,36,0.24
2016,F,RACHEL,51,0.36
2017,F,RACHEL,66,0.5
2018,F,RACHEL,49,0.39
1980,F,RAPHAELLE,6,0.02
1981,F,RAPHAELLE,15,0.06
1982,F,RAPHAELLE,13,0.05
1983,F,RAPHAELLE,15,0.06
1984,F,RAPHAELLE,11,0.05
1985,F,RAPHAELLE,16,0.07
1986,F,RAPHAELLE,39,0.17
1987,F,RAPHAELLE,36,0.16
1988,F,RAPHAELLE,28,0.12
1989,F,RAPHAELLE,45,0.18
1990,F,RAPHAELLE,48,0.19
1991,F,RAPHAELLE,54,0.21
1992,F,RAPHAELLE,54,0.22
1993,F,RAPHAELLE,59,0.26
1994,F,RAPHAELLE,44,0.19
1995,F,RAPHAELLE,54,0.25
1996,F,RAPHAELLE,86,0.42
1997,F,RAPHAELLE,73,0.4
1998,F,RAPHAELLE,66,0.38
1999,F,RAPHAELLE,71,0.44
2000,F,RAPHAELLE,78,0.5
2001,F,RAPHAELLE,83,0.52
2002,F,RAPHAELLE,91,0.6
2003,F,RAPHAELLE,93,0.62
2004,F,RAPHAELLE,78,0.53
2005,F,RAPHAELLE,132,0.88
2006,F,RAPHAELLE,172,1.09
2007,F,RAPHAELLE,167,1.05
2008,F,RAPHAELLE,192,1.19
2009,F,RAPHAELLE,193,1.19
2010,F,RAPHAELLE,211,1.33
2011,F,RAPHAELLE,205,1.31
2012,F,RAPHAELLE,199,1.27
2013,F,RAPHAELLE,204,1.32
2014,F,RAPHAELLE,216,1.39
2015,F,RAPHAELLE,230,1.56
2016,F,RAPHAELLE,222,1.57
2017,F,RAPHAELLE,204,1.53
2018,F,RAPHAELLE,177,1.41
1980,F,REBECCA,35,0.14
1981,F,REBECCA,53,0.21
1982,F,REBECCA,41,0.17
1983,F,REBECCA,48,0.2
1984,F,REBECCA,50,0.21
1985,F,REBECCA,49,0.22
1986,F,REBECCA,61,0.27
1987,F,REBECCA,58,0.26
1988,F,REBECCA,75,0.33
1989,F,REBECCA,102,0.42
1990,F,REBECCA,95,0.37
1991,F,REBECCA,122,0.48
1992,F,REBECCA,128,0.53
1993,F,REBECCA,129,0.56
1994,F,REBECCA,151,0.66
1995,F,REBECCA,162,0.75
1996,F,REBECCA,151,0.74
1997,F,REBECCA,158,0.86
1998,F,REBECCA,146,0.85
1999,F,REBECCA,157,0.97
2000,F,REBECCA,140,0.9
2001,F,REBECCA,152,0.95
2002,F,REBECCA,138,0.91
2003,F,REBECCA,127,0.84
2004,F,REBECCA,110,0.74
2005,F,REBECCA,83,0.55
2006,F,REBECCA,92,0.58
2007,F,REBECCA,80,0.5
2008,F,REBECCA,84,0.52
2009,F,REBECCA,90,0.56
2010,F,REBECCA,85,0.53
2011,F,REBECCA,68,0.43
2012,F,REBECCA,64,0.41
2013,F,REBECCA,75,0.49
2014,F,REBECCA,62,0.4
2015,F,REBECCA,55,0.37
2016,F,REBECCA,49,0.35
2017,F,REBECCA,51,0.38
2018,F,REBECCA,48,0.38
1980,F,ROSALIE,21,0.08
1981,F,ROSALIE,24,0.1
1982,F,ROSALIE,21,0.09
1983,F,ROSALIE,17,0.07
1984,F,ROSALIE,18,0.08
1985,F,ROSALIE,15,0.07
1986,F,ROSALIE,17,0.08
1987,F,ROSALIE,18,0.08
1988,F,ROSALIE,11,0.05
1989,F,ROSALIE,16,0.07
1990,F,ROSALIE,37,0.14
1991,F,ROSALIE,53,0.21
1992,F,ROSALIE,105,0.44
1993,F,ROSALIE,124,0.54
1994,F,ROSALIE,126,0.55
1995,F,ROSALIE,140,0.65
1996,F,ROSALIE,195,0.96
1997,F,ROSALIE,220,1.2
1998,F,ROSALIE,233,1.35
1999,F,ROSALIE,209,1.28
2000,F,ROSALIE,251,1.61
2001,F,ROSALIE,270,1.69
2002,F,ROSALIE,294,1.94
2003,F,ROSALIE,326,2.16
2004,F,ROSALIE,395,2.66
2005,F,ROSALIE,345,2.3
2006,F,ROSALIE,402,2.55
2007,F,ROSALIE,408,2.56
2008,F,ROSALIE,388,2.41
2009,F,ROSALIE,377,2.33
2010,F,ROSALIE,386,2.43
2011,F,ROSALIE,365,2.32
2012,F,ROSALIE,383,2.44
2013,F,ROSALIE,408,2.65
2014,F,ROSALIE,414,2.67
2015,F,ROSALIE,358,2.43
2016,F,ROSALIE,409,2.89
2017,F,ROSALIE,385,2.89
2018,F,ROSALIE,323,2.57
1980,F,ROSE,8,0.03
1981,F,ROSE,5,0.02
1982,F,ROSE,3,0.01
1983,F,ROSE,5,0.02
1984,F,ROSE,4,0.02
1985,F,ROSE,1,0
1986,F,ROSE,4,0.02
1987,F,ROSE,2,0.01
1988,F,ROSE,7,0.03
1989,F,ROSE,4,0.02
1990,F,ROSE,3,0.01
1991,F,ROSE,19,0.08
1992,F,ROSE,24,0.1
1993,F,ROSE,11,0.05
1994,F,ROSE,21,0.09
1995,F,ROSE,42,0.19
1996,F,ROSE,51,0.25
1997,F,ROSE,33,0.18
1998,F,ROSE,102,0.59
1999,F,ROSE,96,0.59
2000,F,ROSE,104,0.67
2001,F,ROSE,100,0.63
2002,F,ROSE,146,0.97
2003,F,ROSE,140,0.93
2004,F,ROSE,129,0.87
2005,F,ROSE,145,0.97
2006,F,ROSE,211,1.34
2007,F,ROSE,218,1.37
2008,F,ROSE,175,1.08
2009,F,ROSE,225,1.39
2010,F,ROSE,212,1.33
2011,F,ROSE,213,1.36
2012,F,ROSE,207,1.32
2013,F,ROSE,228,1.48
2014,F,ROSE,228,1.47
2015,F,ROSE,234,1.59
2016,F,ROSE,280,1.98
2017,F,ROSE,289,2.17
2018,F,ROSE,310,2.47
1980,F,ROXANNE,88,0.35
1981,F,ROXANNE,112,0.45
1982,F,ROXANNE,147,0.61
1983,F,ROXANNE,154,0.66
1984,F,ROXANNE,127,0.54
1985,F,ROXANNE,157,0.7
1986,F,ROXANNE,139,0.62
1987,F,ROXANNE,176,0.79
1988,F,ROXANNE,221,0.96
1989,F,ROXANNE,281,1.15
1990,F,ROXANNE,483,1.89
1991,F,ROXANNE,500,1.99
1992,F,ROXANNE,554,2.3
1993,F,ROXANNE,647,2.81
1994,F,ROXANNE,587,2.56
1995,F,ROXANNE,438,2.03
1996,F,ROXANNE,368,1.81
1997,F,ROXANNE,299,1.62
1998,F,ROXANNE,227,1.32
1999,F,ROXANNE,185,1.14
2000,F,ROXANNE,186,1.19
2001,F,ROXANNE,129,0.81
2002,F,ROXANNE,101,0.67
2003,F,ROXANNE,92,0.61
2004,F,ROXANNE,79,0.53
2005,F,ROXANNE,72,0.48
2006,F,ROXANNE,58,0.37
2007,F,ROXANNE,54,0.34
2008,F,ROXANNE,59,0.37
2009,F,ROXANNE,49,0.3
2010,F,ROXANNE,42,0.26
2011,F,ROXANNE,58,0.37
2012,F,ROXANNE,47,0.3
2013,F,ROXANNE,52,0.34
2014,F,ROXANNE,56,0.36
2015,F,ROXANNE,37,0.25
2016,F,ROXANNE,37,0.26
2017,F,ROXANNE,22,0.17
2018,F,ROXANNE,16,0.13
1980,F,SABRINA,172,0.68
1981,F,SABRINA,158,0.63
1982,F,SABRINA,396,1.63
1983,F,SABRINA,283,1.2
1984,F,SABRINA,333,1.43
1985,F,SABRINA,290,1.28
1986,F,SABRINA,361,1.62
1987,F,SABRINA,337,1.52
1988,F,SABRINA,442,1.92
1989,F,SABRINA,498,2.04
1990,F,SABRINA,564,2.2
1991,F,SABRINA,579,2.3
1992,F,SABRINA,580,2.41
1993,F,SABRINA,613,2.66
1994,F,SABRINA,606,2.64
1995,F,SABRINA,581,2.69
1996,F,SABRINA,680,3.34
1997,F,SABRINA,571,3.1
1998,F,SABRINA,507,2.95
1999,F,SABRINA,421,2.59
2000,F,SABRINA,393,2.52
2001,F,SABRINA,371,2.32
2002,F,SABRINA,260,1.72
2003,F,SABRINA,192,1.27
2004,F,SABRINA,159,1.07
2005,F,SABRINA,135,0.9
2006,F,SABRINA,138,0.88
2007,F,SABRINA,91,0.57
2008,F,SABRINA,91,0.56
2009,F,SABRINA,74,0.46
2010,F,SABRINA,60,0.38
2011,F,SABRINA,49,0.31
2012,F,SABRINA,47,0.3
2013,F,SABRINA,46,0.3
2014,F,SABRINA,34,0.22
2015,F,SABRINA,28,0.19
2016,F,SABRINA,32,0.23
2017,F,SABRINA,26,0.2
2018,F,SABRINA,28,0.22
1980,F,SAMANTHA,24,0.1
1981,F,SAMANTHA,23,0.09
1982,F,SAMANTHA,34,0.14
1983,F,SAMANTHA,40,0.17
1984,F,SAMANTHA,39,0.17
1985,F,SAMANTHA,70,0.31
1986,F,SAMANTHA,78,0.35
1987,F,SAMANTHA,110,0.5
1988,F,SAMANTHA,171,0.74
1989,F,SAMANTHA,204,0.84
1990,F,SAMANTHA,176,0.69
1991,F,SAMANTHA,210,0.83
1992,F,SAMANTHA,182,0.76
1993,F,SAMANTHA,204,0.89
1994,F,SAMANTHA,209,0.91
1995,F,SAMANTHA,231,1.07
1996,F,SAMANTHA,221,1.09
1997,F,SAMANTHA,164,0.89
1998,F,SAMANTHA,140,0.81
1999,F,SAMANTHA,106,0.65
2000,F,SAMANTHA,115,0.74
2001,F,SAMANTHA,123,0.77
2002,F,SAMANTHA,81,0.54
2003,F,SAMANTHA,74,0.49
2004,F,SAMANTHA,88,0.59
2005,F,SAMANTHA,65,0.43
2006,F,SAMANTHA,50,0.32
2007,F,SAMANTHA,48,0.3
2008,F,SAMANTHA,45,0.28
2009,F,SAMANTHA,38,0.23
2010,F,SAMANTHA,36,0.23
2011,F,SAMANTHA,30,0.19
2012,F,SAMANTHA,28,0.18
2013,F,SAMANTHA,31,0.2
2014,F,SAMANTHA,18,0.12
2015,F,SAMANTHA,21,0.14
2016,F,SAMANTHA,20,0.14
2017,F,SAMANTHA,18,0.14
2018,F,SAMANTHA,21,0.17
1980,F,SANDRA,359,1.43
1981,F,SANDRA,327,1.31
1982,F,SANDRA,365,1.5
1983,F,SANDRA,328,1.4
1984,F,SANDRA,276,1.18
1985,F,SANDRA,291,1.29
1986,F,SANDRA,277,1.24
1987,F,SANDRA,286,1.29
1988,F,SANDRA,305,1.33
1989,F,SANDRA,260,1.07
1990,F,SANDRA,218,0.85
1991,F,SANDRA,197,0.78
1992,F,SANDRA,144,0.6
1993,F,SANDRA,113,0.49
1994,F,SANDRA,115,0.5
1995,F,SANDRA,104,0.48
1996,F,SANDRA,82,0.4
1997,F,SANDRA,67,0.36
1998,F,SANDRA,52,0.3
1999,F,SANDRA,45,0.28
2000,F,SANDRA,36,0.23
2001,F,SANDRA,29,0.18
2002,F,SANDRA,22,0.15
2003,F,SANDRA,21,0.14
2004,F,SANDRA,18,0.12
2005,F,SANDRA,16,0.11
2006,F,SANDRA,23,0.15
2007,F,SANDRA,10,0.06
2008,F,SANDRA,9,0.06
2009,F,SANDRA,9,0.06
2010,F,SANDRA,14,0.09
2011,F,SANDRA,15,0.1
2012,F,SANDRA,7,0.04
2013,F,SANDRA,9,0.06
2014,F,SANDRA,8,0.05
2015,F,SANDRA,12,0.08
2016,F,SANDRA,2,0.01
2017,F,SANDRA,13,0.1
2018,F,SANDRA,4,0.03
1980,F,SARA,91,0.36
1981,F,SARA,96,0.38
1982,F,SARA,99,0.41
1983,F,SARA,112,0.48
1984,F,SARA,92,0.39
1985,F,SARA,111,0.49
1986,F,SARA,135,0.61
1987,F,SARA,163,0.73
1988,F,SARA,124,0.54
1989,F,SARA,144,0.59
1990,F,SARA,133,0.52
1991,F,SARA,154,0.61
1992,F,SARA,153,0.64
1993,F,SARA,190,0.82
1994,F,SARA,177,0.77
1995,F,SARA,189,0.87
1996,F,SARA,181,0.89
1997,F,SARA,183,0.99
1998,F,SARA,138,0.8
1999,F,SARA,131,0.81
2000,F,SARA,149,0.95
2001,F,SARA,132,0.83
2002,F,SARA,159,1.05
2003,F,SARA,169,1.12
2004,F,SARA,185,1.25
2005,F,SARA,156,1.04
2006,F,SARA,179,1.14
2007,F,SARA,173,1.09
2008,F,SARA,201,1.25
2009,F,SARA,176,1.09
2010,F,SARA,156,0.98
2011,F,SARA,160,1.02
2012,F,SARA,146,0.93
2013,F,SARA,141,0.92
2014,F,SARA,127,0.82
2015,F,SARA,115,0.78
2016,F,SARA,111,0.78
2017,F,SARA,97,0.73
2018,F,SARA,81,0.65
1980,F,SARAH,188,0.75
1981,F,SARAH,177,0.71
1982,F,SARAH,247,1.02
1983,F,SARAH,225,0.96
1984,F,SARAH,258,1.11
1985,F,SARAH,263,1.16
1986,F,SARAH,381,1.71
1987,F,SARAH,425,1.91
1988,F,SARAH,461,2
1989,F,SARAH,502,2.06
1990,F,SARAH,525,2.05
1991,F,SARAH,568,2.26
1992,F,SARAH,538,2.24
1993,F,SARAH,538,2.33
1994,F,SARAH,652,2.85
1995,F,SARAH,573,2.65
1996,F,SARAH,542,2.66
1997,F,SARAH,545,2.96
1998,F,SARAH,500,2.91
1999,F,SARAH,442,2.72
2000,F,SARAH,439,2.81
2001,F,SARAH,461,2.88
2002,F,SARAH,423,2.8
2003,F,SARAH,387,2.56
2004,F,SARAH,370,2.49
2005,F,SARAH,409,2.73
2006,F,SARAH,356,2.26
2007,F,SARAH,374,2.35
2008,F,SARAH,370,2.29
2009,F,SARAH,336,2.07
2010,F,SARAH,317,1.99
2011,F,SARAH,300,1.91
2012,F,SARAH,290,1.85
2013,F,SARAH,260,1.69
2014,F,SARAH,272,1.76
2015,F,SARAH,237,1.61
2016,F,SARAH,247,1.74
2017,F,SARAH,195,1.47
2018,F,SARAH,176,1.4
1980,F,SOFIA,5,0.02
1981,F,SOFIA,9,0.04
1982,F,SOFIA,11,0.05
1983,F,SOFIA,10,0.04
1984,F,SOFIA,12,0.05
1985,F,SOFIA,17,0.08
1986,F,SOFIA,9,0.04
1987,F,SOFIA,10,0.05
1988,F,SOFIA,9,0.04
1989,F,SOFIA,14,0.06
1990,F,SOFIA,18,0.07
1991,F,SOFIA,13,0.05
1992,F,SOFIA,13,0.05
1993,F,SOFIA,18,0.08
1994,F,SOFIA,33,0.14
1995,F,SOFIA,26,0.12
1996,F,SOFIA,25,0.12
1997,F,SOFIA,21,0.11
1998,F,SOFIA,30,0.17
1999,F,SOFIA,36,0.22
2000,F,SOFIA,44,0.28
2001,F,SOFIA,50,0.31
2002,F,SOFIA,66,0.44
2003,F,SOFIA,98,0.65
2004,F,SOFIA,110,0.74
2005,F,SOFIA,141,0.94
2006,F,SOFIA,154,0.98
2007,F,SOFIA,183,1.15
2008,F,SOFIA,185,1.15
2009,F,SOFIA,188,1.16
2010,F,SOFIA,229,1.44
2011,F,SOFIA,256,1.63
2012,F,SOFIA,266,1.69
2013,F,SOFIA,327,2.12
2014,F,SOFIA,349,2.25
2015,F,SOFIA,336,2.28
2016,F,SOFIA,319,2.25
2017,F,SOFIA,314,2.36
2018,F,SOFIA,267,2.13
1980,F,SOPHIE,611,2.43
1981,F,SOPHIE,530,2.12
1982,F,SOPHIE,464,1.91
1983,F,SOPHIE,462,1.97
1984,F,SOPHIE,510,2.19
1985,F,SOPHIE,479,2.12
1986,F,SOPHIE,471,2.11
1987,F,SOPHIE,418,1.88
1988,F,SOPHIE,452,1.97
1989,F,SOPHIE,465,1.91
1990,F,SOPHIE,449,1.75
1991,F,SOPHIE,405,1.61
1992,F,SOPHIE,374,1.55
1993,F,SOPHIE,317,1.38
1994,F,SOPHIE,301,1.31
1995,F,SOPHIE,275,1.27
1996,F,SOPHIE,260,1.28
1997,F,SOPHIE,219,1.19
1998,F,SOPHIE,188,1.09
1999,F,SOPHIE,167,1.03
2000,F,SOPHIE,164,1.05
2001,F,SOPHIE,171,1.07
2002,F,SOPHIE,155,1.02
2003,F,SOPHIE,126,0.83
2004,F,SOPHIE,129,0.87
2005,F,SOPHIE,120,0.8
2006,F,SOPHIE,114,0.72
2007,F,SOPHIE,160,1.01
2008,F,SOPHIE,154,0.95
2009,F,SOPHIE,154,0.95
2010,F,SOPHIE,157,0.99
2011,F,SOPHIE,185,1.18
2012,F,SOPHIE,158,1.01
2013,F,SOPHIE,178,1.16
2014,F,SOPHIE,163,1.05
2015,F,SOPHIE,132,0.89
2016,F,SOPHIE,137,0.97
2017,F,SOPHIE,118,0.89
2018,F,SOPHIE,114,0.91
1980,F,STEPHANIE,906,3.6
1981,F,STEPHANIE,925,3.7
1982,F,STEPHANIE,1002,4.12
1983,F,STEPHANIE,1040,4.43
1984,F,STEPHANIE,1176,5.04
1985,F,STEPHANIE,1225,5.43
1986,F,STEPHANIE,1367,6.13
1987,F,STEPHANIE,1772,7.98
1988,F,STEPHANIE,1800,7.83
1989,F,STEPHANIE,1679,6.89
1990,F,STEPHANIE,1551,6.06
1991,F,STEPHANIE,1221,4.85
1992,F,STEPHANIE,1172,4.87
1993,F,STEPHANIE,978,4.24
1994,F,STEPHANIE,868,3.79
1995,F,STEPHANIE,624,2.89
1996,F,STEPHANIE,450,2.21
1997,F,STEPHANIE,349,1.9
1998,F,STEPHANIE,251,1.46
1999,F,STEPHANIE,182,1.12
2000,F,STEPHANIE,153,0.98
2001,F,STEPHANIE,115,0.72
2002,F,STEPHANIE,99,0.65
2003,F,STEPHANIE,61,0.4
2004,F,STEPHANIE,55,0.37
2005,F,STEPHANIE,46,0.31
2006,F,STEPHANIE,39,0.25
2007,F,STEPHANIE,45,0.28
2008,F,STEPHANIE,40,0.25
2009,F,STEPHANIE,31,0.19
2010,F,STEPHANIE,30,0.19
2011,F,STEPHANIE,18,0.11
2012,F,STEPHANIE,23,0.15
2013,F,STEPHANIE,20,0.13
2014,F,STEPHANIE,16,0.1
2015,F,STEPHANIE,7,0.05
2016,F,STEPHANIE,13,0.09
2017,F,STEPHANIE,8,0.06
2018,F,STEPHANIE,5,0.04
1980,F,VALERIE,1004,3.99
1981,F,VALERIE,1098,4.39
1982,F,VALERIE,1063,4.38
1983,F,VALERIE,1011,4.3
1984,F,VALERIE,942,4.04
1985,F,VALERIE,918,4.07
1986,F,VALERIE,882,3.95
1987,F,VALERIE,842,3.79
1988,F,VALERIE,843,3.66
1989,F,VALERIE,811,3.33
1990,F,VALERIE,831,3.25
1991,F,VALERIE,802,3.18
1992,F,VALERIE,711,2.95
1993,F,VALERIE,654,2.84
1994,F,VALERIE,585,2.55
1995,F,VALERIE,482,2.23
1996,F,VALERIE,388,1.91
1997,F,VALERIE,290,1.58
1998,F,VALERIE,255,1.48
1999,F,VALERIE,202,1.24
2000,F,VALERIE,149,0.95
2001,F,VALERIE,130,0.81
2002,F,VALERIE,93,0.61
2003,F,VALERIE,88,0.58
2004,F,VALERIE,42,0.28
2005,F,VALERIE,43,0.29
2006,F,VALERIE,56,0.36
2007,F,VALERIE,37,0.23
2008,F,VALERIE,35,0.22
2009,F,VALERIE,29,0.18
2010,F,VALERIE,20,0.13
2011,F,VALERIE,24,0.15
2012,F,VALERIE,15,0.1
2013,F,VALERIE,18,0.12
2014,F,VALERIE,18,0.12
2015,F,VALERIE,9,0.06
2016,F,VALERIE,16,0.11
2017,F,VALERIE,10,0.08
2018,F,VALERIE,9,0.07
1980,F,VANESSA,93,0.37
1981,F,VANESSA,118,0.47
1982,F,VANESSA,158,0.65
1983,F,VANESSA,181,0.77
1984,F,VANESSA,315,1.35
1985,F,VANESSA,352,1.56
1986,F,VANESSA,446,2
1987,F,VANESSA,663,2.99
1988,F,VANESSA,763,3.32
1989,F,VANESSA,1330,5.45
1990,F,VANESSA,1445,5.64
1991,F,VANESSA,942,3.74
1992,F,VANESSA,708,2.94
1993,F,VANESSA,551,2.39
1994,F,VANESSA,467,2.04
1995,F,VANESSA,362,1.68
1996,F,VANESSA,335,1.65
1997,F,VANESSA,199,1.08
1998,F,VANESSA,194,1.13
1999,F,VANESSA,190,1.17
2000,F,VANESSA,161,1.03
2001,F,VANESSA,149,0.93
2002,F,VANESSA,114,0.75
2003,F,VANESSA,75,0.5
2004,F,VANESSA,80,0.54
2005,F,VANESSA,73,0.49
2006,F,VANESSA,75,0.48
2007,F,VANESSA,59,0.37
2008,F,VANESSA,53,0.33
2009,F,VANESSA,36,0.22
2010,F,VANESSA,42,0.26
2011,F,VANESSA,21,0.13
2012,F,VANESSA,27,0.17
2013,F,VANESSA,28,0.18
2014,F,VANESSA,15,0.1
2015,F,VANESSA,15,0.1
2016,F,VANESSA,9,0.06
2017,F,VANESSA,17,0.13
2018,F,VANESSA,11,0.09
1980,F,VERONIQUE,1068,4.24
1981,F,VERONIQUE,1130,4.52
1982,F,VERONIQUE,1041,4.28
1983,F,VERONIQUE,976,4.15
1984,F,VERONIQUE,880,3.77
1985,F,VERONIQUE,792,3.51
1986,F,VERONIQUE,684,3.07
1987,F,VERONIQUE,595,2.68
1988,F,VERONIQUE,518,2.25
1989,F,VERONIQUE,459,1.88
1990,F,VERONIQUE,414,1.62
1991,F,VERONIQUE,341,1.35
1992,F,VERONIQUE,331,1.38
1993,F,VERONIQUE,257,1.12
1994,F,VERONIQUE,255,1.11
1995,F,VERONIQUE,252,1.17
1996,F,VERONIQUE,215,1.06
1997,F,VERONIQUE,164,0.89
1998,F,VERONIQUE,123,0.72
1999,F,VERONIQUE,83,0.51
2000,F,VERONIQUE,66,0.42
2001,F,VERONIQUE,64,0.4
2002,F,VERONIQUE,42,0.28
2003,F,VERONIQUE,20,0.13
2004,F,VERONIQUE,16,0.11
2005,F,VERONIQUE,13,0.09
2006,F,VERONIQUE,11,0.07
2007,F,VERONIQUE,14,0.09
2008,F,VERONIQUE,7,0.04
2009,F,VERONIQUE,7,0.04
2010,F,VERONIQUE,8,0.05
2011,F,VERONIQUE,4,0.03
2012,F,VERONIQUE,0,0
2013,F,VERONIQUE,8,0.05
2014,F,VERONIQUE,3,0.02
2015,F,VERONIQUE,5,0.03
2016,F,VERONIQUE,0,0
2017,F,VERONIQUE,1,0.01
2018,F,VERONIQUE,6,0.05
1980,F,VICKY,195,0.77
1981,F,VICKY,167,0.67
1982,F,VICKY,196,0.81
1983,F,VICKY,209,0.89
1984,F,VICKY,190,0.81
1985,F,VICKY,259,1.15
1986,F,VICKY,233,1.04
1987,F,VICKY,199,0.9
1988,F,VICKY,165,0.72
1989,F,VICKY,187,0.77
1990,F,VICKY,176,0.69
1991,F,VICKY,190,0.75
1992,F,VICKY,209,0.87
1993,F,VICKY,237,1.03
1994,F,VICKY,229,1
1995,F,VICKY,179,0.83
1996,F,VICKY,142,0.7
1997,F,VICKY,113,0.61
1998,F,VICKY,99,0.58
1999,F,VICKY,76,0.47
2000,F,VICKY,58,0.37
2001,F,VICKY,55,0.34
2002,F,VICKY,40,0.26
2003,F,VICKY,44,0.29
2004,F,VICKY,32,0.22
2005,F,VICKY,30,0.2
2006,F,VICKY,30,0.19
2007,F,VICKY,27,0.17
2008,F,VICKY,26,0.16
2009,F,VICKY,28,0.17
2010,F,VICKY,22,0.14
2011,F,VICKY,13,0.08
2012,F,VICKY,19,0.12
2013,F,VICKY,10,0.06
2014,F,VICKY,14,0.09
2015,F,VICKY,8,0.05
2016,F,VICKY,13,0.09
2017,F,VICKY,8,0.06
2018,F,VICKY,11,0.09
1980,F,VICTORIA,7,0.03
1981,F,VICTORIA,17,0.07
1982,F,VICTORIA,14,0.06
1983,F,VICTORIA,26,0.11
1984,F,VICTORIA,22,0.09
1985,F,VICTORIA,28,0.12
1986,F,VICTORIA,29,0.13
1987,F,VICTORIA,29,0.13
1988,F,VICTORIA,28,0.12
1989,F,VICTORIA,41,0.17
1990,F,VICTORIA,42,0.16
1991,F,VICTORIA,59,0.23
1992,F,VICTORIA,66,0.27
1993,F,VICTORIA,76,0.33
1994,F,VICTORIA,78,0.34
1995,F,VICTORIA,107,0.5
1996,F,VICTORIA,97,0.48
1997,F,VICTORIA,114,0.62
1998,F,VICTORIA,109,0.63
1999,F,VICTORIA,154,0.95
2000,F,VICTORIA,164,1.05
2001,F,VICTORIA,159,0.99
2002,F,VICTORIA,147,0.97
2003,F,VICTORIA,194,1.28
2004,F,VICTORIA,141,0.95
2005,F,VICTORIA,174,1.16
2006,F,VICTORIA,182,1.16
2007,F,VICTORIA,196,1.23
2008,F,VICTORIA,199,1.23
2009,F,VICTORIA,222,1.37
2010,F,VICTORIA,260,1.63
2011,F,VICTORIA,288,1.83
2012,F,VICTORIA,298,1.9
2013,F,VICTORIA,290,1.88
2014,F,VICTORIA,345,2.23
2015,F,VICTORIA,330,2.24
2016,F,VICTORIA,333,2.35
2017,F,VICTORIA,294,2.21
2018,F,VICTORIA,292,2.33
1980,F,ZOE,3,0.01
1981,F,ZOE,2,0.01
1982,F,ZOE,2,0.01
1983,F,ZOE,7,0.03
1984,F,ZOE,8,0.03
1985,F,ZOE,15,0.07
1986,F,ZOE,11,0.05
1987,F,ZOE,21,0.09
1988,F,ZOE,18,0.08
1989,F,ZOE,23,0.09
1990,F,ZOE,33,0.13
1991,F,ZOE,31,0.12
1992,F,ZOE,31,0.13
1993,F,ZOE,46,0.2
1994,F,ZOE,48,0.21
1995,F,ZOE,70,0.32
1996,F,ZOE,68,0.33
1997,F,ZOE,58,0.32
1998,F,ZOE,79,0.46
1999,F,ZOE,73,0.45
2000,F,ZOE,97,0.62
2001,F,ZOE,135,0.84
2002,F,ZOE,134,0.89
2003,F,ZOE,155,1.03
2004,F,ZOE,160,1.08
2005,F,ZOE,212,1.41
2006,F,ZOE,221,1.4
2007,F,ZOE,213,1.34
2008,F,ZOE,266,1.65
2009,F,ZOE,327,2.02
2010,F,ZOE,343,2.16
2011,F,ZOE,435,2.77
2012,F,ZOE,407,2.59
2013,F,ZOE,422,2.74
2014,F,ZOE,434,2.8
2015,F,ZOE,439,2.97
2016,F,ZOE,420,2.97
2017,F,ZOE,352,2.65
2018,F,ZOE,346,2.76
