variable,year,sex,name,n,prop
ADAM-1980,1980,M,ADAM,96,0.29
ADAM-1981,1981,M,ADAM,105,0.32
ADAM-1982,1982,M,ADAM,98,0.32
ADAM-1983,1983,M,ADAM,149,0.48
ADAM-1984,1984,M,ADAM,124,0.4
ADAM-1985,1985,M,ADAM,126,0.42
ADAM-1986,1986,M,ADAM,113,0.39
ADAM-1987,1987,M,ADAM,122,0.42
ADAM-1988,1988,M,ADAM,115,0.38
ADAM-1989,1989,M,ADAM,126,0.39
ADAM-1990,1990,M,ADAM,106,0.31
ADAM-1991,1991,M,ADAM,112,0.33
ADAM-1992,1992,M,ADAM,101,0.31
ADAM-1993,1993,M,ADAM,76,0.24
ADAM-1994,1994,M,ADAM,102,0.33
ADAM-1995,1995,M,ADAM,105,0.35
ADAM-1996,1996,M,ADAM,106,0.37
ADAM-1997,1997,M,ADAM,151,0.58
ADAM-1998,1998,M,ADAM,124,0.51
ADAM-1999,1999,M,ADAM,128,0.54
ADAM-2000,2000,M,ADAM,139,0.61
ADAM-2001,2001,M,ADAM,167,0.71
ADAM-2002,2002,M,ADAM,187,0.83
ADAM-2003,2003,M,ADAM,238,1.06
ADAM-2004,2004,M,ADAM,269,1.23
ADAM-2005,2005,M,ADAM,303,1.39
ADAM-2006,2006,M,ADAM,326,1.41
ADAM-2007,2007,M,ADAM,364,1.58
ADAM-2008,2008,M,ADAM,430,1.82
ADAM-2009,2009,M,ADAM,405,1.72
ADAM-2010,2010,M,ADAM,382,1.69
ADAM-2011,2011,M,ADAM,374,1.69
ADAM-2012,2012,M,ADAM,467,2.11
ADAM-2013,2013,M,ADAM,432,2.02
ADAM-2014,2014,M,ADAM,412,2.04
ADAM-2015,2015,M,ADAM,427,2.16
ADAM-2016,2016,M,ADAM,423,2.23
ADAM-2017,2017,M,ADAM,379,2.25
ADAM-2018,2018,M,ADAM,378,2.33
ALEX-1980,1980,M,ALEX,65,0.2
ALEX-1981,1981,M,ALEX,53,0.16
ALEX-1982,1982,M,ALEX,57,0.18
ALEX-1983,1983,M,ALEX,70,0.23
ALEX-1984,1984,M,ALEX,100,0.32
ALEX-1985,1985,M,ALEX,107,0.35
ALEX-1986,1986,M,ALEX,141,0.48
ALEX-1987,1987,M,ALEX,177,0.61
ALEX-1988,1988,M,ALEX,208,0.69
ALEX-1989,1989,M,ALEX,273,0.85
ALEX-1990,1990,M,ALEX,361,1.06
ALEX-1991,1991,M,ALEX,417,1.23
ALEX-1992,1992,M,ALEX,499,1.53
ALEX-1993,1993,M,ALEX,538,1.71
ALEX-1994,1994,M,ALEX,550,1.78
ALEX-1995,1995,M,ALEX,582,1.96
ALEX-1996,1996,M,ALEX,453,1.59
ALEX-1997,1997,M,ALEX,417,1.59
ALEX-1998,1998,M,ALEX,388,1.59
ALEX-1999,1999,M,ALEX,358,1.51
ALEX-2000,2000,M,ALEX,313,1.36
ALEX-2001,2001,M,ALEX,313,1.34
ALEX-2002,2002,M,ALEX,266,1.19
ALEX-2003,2003,M,ALEX,213,0.95
ALEX-2004,2004,M,ALEX,235,1.07
ALEX-2005,2005,M,ALEX,204,0.94
ALEX-2006,2006,M,ALEX,230,1
ALEX-2007,2007,M,ALEX,221,0.96
ALEX-2008,2008,M,ALEX,235,0.99
ALEX-2009,2009,M,ALEX,257,1.09
ALEX-2010,2010,M,ALEX,202,0.89
ALEX-2011,2011,M,ALEX,189,0.85
ALEX-2012,2012,M,ALEX,161,0.73
ALEX-2013,2013,M,ALEX,180,0.84
ALEX-2014,2014,M,ALEX,160,0.79
ALEX-2015,2015,M,ALEX,156,0.79
ALEX-2016,2016,M,ALEX,129,0.68
ALEX-2017,2017,M,ALEX,122,0.72
ALEX-2018,2018,M,ALEX,98,0.6
ALEXANDER-1980,1980,M,ALEXANDER,32,0.1
ALEXANDER-1981,1981,M,ALEXANDER,34,0.1
ALEXANDER-1982,1982,M,ALEXANDER,54,0.17
ALEXANDER-1983,1983,M,ALEXANDER,53,0.17
ALEXANDER-1984,1984,M,ALEXANDER,73,0.24
ALEXANDER-1985,1985,M,ALEXANDER,82,0.27
ALEXANDER-1986,1986,M,ALEXANDER,82,0.28
ALEXANDER-1987,1987,M,ALEXANDER,88,0.3
ALEXANDER-1988,1988,M,ALEXANDER,111,0.37
ALEXANDER-1989,1989,M,ALEXANDER,116,0.36
ALEXANDER-1990,1990,M,ALEXANDER,137,0.4
ALEXANDER-1991,1991,M,ALEXANDER,110,0.33
ALEXANDER-1992,1992,M,ALEXANDER,101,0.31
ALEXANDER-1993,1993,M,ALEXANDER,97,0.31
ALEXANDER-1994,1994,M,ALEXANDER,150,0.49
ALEXANDER-1995,1995,M,ALEXANDER,120,0.4
ALEXANDER-1996,1996,M,ALEXANDER,118,0.41
ALEXANDER-1997,1997,M,ALEXANDER,112,0.43
ALEXANDER-1998,1998,M,ALEXANDER,109,0.45
ALEXANDER-1999,1999,M,ALEXANDER,105,0.44
ALEXANDER-2000,2000,M,ALEXANDER,79,0.34
ALEXANDER-2001,2001,M,ALEXANDER,72,0.31
ALEXANDER-2002,2002,M,ALEXANDER,73,0.33
ALEXANDER-2003,2003,M,ALEXANDER,89,0.4
ALEXANDER-2004,2004,M,ALEXANDER,97,0.44
ALEXANDER-2005,2005,M,ALEXANDER,107,0.49
ALEXANDER-2006,2006,M,ALEXANDER,84,0.36
ALEXANDER-2007,2007,M,ALEXANDER,90,0.39
ALEXANDER-2008,2008,M,ALEXANDER,97,0.41
ALEXANDER-2009,2009,M,ALEXANDER,90,0.38
ALEXANDER-2010,2010,M,ALEXANDER,84,0.37
ALEXANDER-2011,2011,M,ALEXANDER,84,0.38
ALEXANDER-2012,2012,M,ALEXANDER,69,0.31
ALEXANDER-2013,2013,M,ALEXANDER,91,0.43
ALEXANDER-2014,2014,M,ALEXANDER,89,0.44
ALEXANDER-2015,2015,M,ALEXANDER,90,0.46
ALEXANDER-2016,2016,M,ALEXANDER,73,0.39
ALEXANDER-2017,2017,M,ALEXANDER,65,0.39
ALEXANDER-2018,2018,M,ALEXANDER,72,0.44
ALEXANDRE-1980,1980,M,ALEXANDRE,999,3.05
ALEXANDRE-1981,1981,M,ALEXANDRE,1013,3.09
ALEXANDRE-1982,1982,M,ALEXANDRE,1039,3.35
ALEXANDRE-1983,1983,M,ALEXANDRE,1085,3.52
ALEXANDRE-1984,1984,M,ALEXANDRE,1157,3.75
ALEXANDRE-1985,1985,M,ALEXANDRE,1286,4.25
ALEXANDRE-1986,1986,M,ALEXANDRE,1496,5.1
ALEXANDRE-1987,1987,M,ALEXANDRE,1550,5.32
ALEXANDRE-1988,1988,M,ALEXANDRE,1710,5.68
ALEXANDRE-1989,1989,M,ALEXANDRE,1862,5.81
ALEXANDRE-1990,1990,M,ALEXANDRE,1838,5.4
ALEXANDRE-1991,1991,M,ALEXANDRE,1877,5.55
ALEXANDRE-1992,1992,M,ALEXANDRE,1835,5.64
ALEXANDRE-1993,1993,M,ALEXANDRE,1777,5.66
ALEXANDRE-1994,1994,M,ALEXANDRE,1873,6.08
ALEXANDRE-1995,1995,M,ALEXANDRE,1582,5.33
ALEXANDRE-1996,1996,M,ALEXANDRE,1347,4.72
ALEXANDRE-1997,1997,M,ALEXANDRE,1040,3.97
ALEXANDRE-1998,1998,M,ALEXANDRE,930,3.81
ALEXANDRE-1999,1999,M,ALEXANDRE,879,3.71
ALEXANDRE-2000,2000,M,ALEXANDRE,761,3.32
ALEXANDRE-2001,2001,M,ALEXANDRE,717,3.07
ALEXANDRE-2002,2002,M,ALEXANDRE,606,2.7
ALEXANDRE-2003,2003,M,ALEXANDRE,544,2.43
ALEXANDRE-2004,2004,M,ALEXANDRE,486,2.22
ALEXANDRE-2005,2005,M,ALEXANDRE,504,2.32
ALEXANDRE-2006,2006,M,ALEXANDRE,568,2.46
ALEXANDRE-2007,2007,M,ALEXANDRE,534,2.31
ALEXANDRE-2008,2008,M,ALEXANDRE,537,2.27
ALEXANDRE-2009,2009,M,ALEXANDRE,480,2.04
ALEXANDRE-2010,2010,M,ALEXANDRE,431,1.91
ALEXANDRE-2011,2011,M,ALEXANDRE,383,1.73
ALEXANDRE-2012,2012,M,ALEXANDRE,353,1.59
ALEXANDRE-2013,2013,M,ALEXANDRE,320,1.49
ALEXANDRE-2014,2014,M,ALEXANDRE,289,1.43
ALEXANDRE-2015,2015,M,ALEXANDRE,264,1.34
ALEXANDRE-2016,2016,M,ALEXANDRE,205,1.08
ALEXANDRE-2017,2017,M,ALEXANDRE,186,1.1
ALEXANDRE-2018,2018,M,ALEXANDRE,157,0.97
ALEXIS-1980,1980,M,ALEXIS,91,0.28
ALEXIS-1981,1981,M,ALEXIS,78,0.24
ALEXIS-1982,1982,M,ALEXIS,81,0.26
ALEXIS-1983,1983,M,ALEXIS,85,0.28
ALEXIS-1984,1984,M,ALEXIS,82,0.27
ALEXIS-1985,1985,M,ALEXIS,90,0.3
ALEXIS-1986,1986,M,ALEXIS,77,0.26
ALEXIS-1987,1987,M,ALEXIS,72,0.25
ALEXIS-1988,1988,M,ALEXIS,75,0.25
ALEXIS-1989,1989,M,ALEXIS,107,0.33
ALEXIS-1990,1990,M,ALEXIS,126,0.37
ALEXIS-1991,1991,M,ALEXIS,135,0.4
ALEXIS-1992,1992,M,ALEXIS,172,0.53
ALEXIS-1993,1993,M,ALEXIS,192,0.61
ALEXIS-1994,1994,M,ALEXIS,241,0.78
ALEXIS-1995,1995,M,ALEXIS,261,0.88
ALEXIS-1996,1996,M,ALEXIS,283,0.99
ALEXIS-1997,1997,M,ALEXIS,347,1.33
ALEXIS-1998,1998,M,ALEXIS,326,1.34
ALEXIS-1999,1999,M,ALEXIS,331,1.4
ALEXIS-2000,2000,M,ALEXIS,359,1.56
ALEXIS-2001,2001,M,ALEXIS,379,1.62
ALEXIS-2002,2002,M,ALEXIS,367,1.64
ALEXIS-2003,2003,M,ALEXIS,565,2.52
ALEXIS-2004,2004,M,ALEXIS,704,3.21
ALEXIS-2005,2005,M,ALEXIS,651,2.99
ALEXIS-2006,2006,M,ALEXIS,729,3.15
ALEXIS-2007,2007,M,ALEXIS,763,3.3
ALEXIS-2008,2008,M,ALEXIS,744,3.14
ALEXIS-2009,2009,M,ALEXIS,767,3.26
ALEXIS-2010,2010,M,ALEXIS,721,3.19
ALEXIS-2011,2011,M,ALEXIS,781,3.53
ALEXIS-2012,2012,M,ALEXIS,752,3.4
ALEXIS-2013,2013,M,ALEXIS,707,3.3
ALEXIS-2014,2014,M,ALEXIS,600,2.97
ALEXIS-2015,2015,M,ALEXIS,556,2.82
ALEXIS-2016,2016,M,ALEXIS,534,2.82
ALEXIS-2017,2017,M,ALEXIS,462,2.74
ALEXIS-2018,2018,M,ALEXIS,440,2.71
ANTHONY-1980,1980,M,ANTHONY,76,0.23
ANTHONY-1981,1981,M,ANTHONY,100,0.31
ANTHONY-1982,1982,M,ANTHONY,102,0.33
ANTHONY-1983,1983,M,ANTHONY,117,0.38
ANTHONY-1984,1984,M,ANTHONY,139,0.45
ANTHONY-1985,1985,M,ANTHONY,138,0.46
ANTHONY-1986,1986,M,ANTHONY,162,0.55
ANTHONY-1987,1987,M,ANTHONY,190,0.65
ANTHONY-1988,1988,M,ANTHONY,194,0.64
ANTHONY-1989,1989,M,ANTHONY,218,0.68
ANTHONY-1990,1990,M,ANTHONY,302,0.89
ANTHONY-1991,1991,M,ANTHONY,395,1.17
ANTHONY-1992,1992,M,ANTHONY,458,1.41
ANTHONY-1993,1993,M,ANTHONY,486,1.55
ANTHONY-1994,1994,M,ANTHONY,479,1.55
ANTHONY-1995,1995,M,ANTHONY,515,1.74
ANTHONY-1996,1996,M,ANTHONY,573,2.01
ANTHONY-1997,1997,M,ANTHONY,559,2.14
ANTHONY-1998,1998,M,ANTHONY,552,2.26
ANTHONY-1999,1999,M,ANTHONY,557,2.35
ANTHONY-2000,2000,M,ANTHONY,566,2.47
ANTHONY-2001,2001,M,ANTHONY,579,2.48
ANTHONY-2002,2002,M,ANTHONY,646,2.88
ANTHONY-2003,2003,M,ANTHONY,586,2.62
ANTHONY-2004,2004,M,ANTHONY,548,2.5
ANTHONY-2005,2005,M,ANTHONY,504,2.32
ANTHONY-2006,2006,M,ANTHONY,523,2.26
ANTHONY-2007,2007,M,ANTHONY,517,2.24
ANTHONY-2008,2008,M,ANTHONY,478,2.02
ANTHONY-2009,2009,M,ANTHONY,418,1.78
ANTHONY-2010,2010,M,ANTHONY,381,1.69
ANTHONY-2011,2011,M,ANTHONY,347,1.57
ANTHONY-2012,2012,M,ANTHONY,300,1.36
ANTHONY-2013,2013,M,ANTHONY,313,1.46
ANTHONY-2014,2014,M,ANTHONY,293,1.45
ANTHONY-2015,2015,M,ANTHONY,262,1.33
ANTHONY-2016,2016,M,ANTHONY,234,1.24
ANTHONY-2017,2017,M,ANTHONY,167,0.99
ANTHONY-2018,2018,M,ANTHONY,131,0.81
ANTOINE-1980,1980,M,ANTOINE,127,0.39
ANTOINE-1981,1981,M,ANTOINE,128,0.39
ANTOINE-1982,1982,M,ANTOINE,106,0.34
ANTOINE-1983,1983,M,ANTOINE,86,0.28
ANTOINE-1984,1984,M,ANTOINE,77,0.25
ANTOINE-1985,1985,M,ANTOINE,73,0.24
ANTOINE-1986,1986,M,ANTOINE,104,0.35
ANTOINE-1987,1987,M,ANTOINE,137,0.47
ANTOINE-1988,1988,M,ANTOINE,154,0.51
ANTOINE-1989,1989,M,ANTOINE,263,0.82
ANTOINE-1990,1990,M,ANTOINE,314,0.92
ANTOINE-1991,1991,M,ANTOINE,342,1.01
ANTOINE-1992,1992,M,ANTOINE,367,1.13
ANTOINE-1993,1993,M,ANTOINE,409,1.3
ANTOINE-1994,1994,M,ANTOINE,401,1.3
ANTOINE-1995,1995,M,ANTOINE,489,1.65
ANTOINE-1996,1996,M,ANTOINE,565,1.98
ANTOINE-1997,1997,M,ANTOINE,568,2.17
ANTOINE-1998,1998,M,ANTOINE,517,2.12
ANTOINE-1999,1999,M,ANTOINE,559,2.36
ANTOINE-2000,2000,M,ANTOINE,489,2.13
ANTOINE-2001,2001,M,ANTOINE,527,2.26
ANTOINE-2002,2002,M,ANTOINE,518,2.31
ANTOINE-2003,2003,M,ANTOINE,589,2.63
ANTOINE-2004,2004,M,ANTOINE,583,2.66
ANTOINE-2005,2005,M,ANTOINE,630,2.9
ANTOINE-2006,2006,M,ANTOINE,674,2.92
ANTOINE-2007,2007,M,ANTOINE,649,2.81
ANTOINE-2008,2008,M,ANTOINE,661,2.79
ANTOINE-2009,2009,M,ANTOINE,673,2.86
ANTOINE-2010,2010,M,ANTOINE,552,2.44
ANTOINE-2011,2011,M,ANTOINE,595,2.69
ANTOINE-2012,2012,M,ANTOINE,570,2.57
ANTOINE-2013,2013,M,ANTOINE,520,2.43
ANTOINE-2014,2014,M,ANTOINE,490,2.42
ANTOINE-2015,2015,M,ANTOINE,431,2.18
ANTOINE-2016,2016,M,ANTOINE,479,2.53
ANTOINE-2017,2017,M,ANTOINE,381,2.26
ANTOINE-2018,2018,M,ANTOINE,366,2.26
BENJAMIN-1980,1980,M,BENJAMIN,95,0.29
BENJAMIN-1981,1981,M,BENJAMIN,118,0.36
BENJAMIN-1982,1982,M,BENJAMIN,126,0.41
BENJAMIN-1983,1983,M,BENJAMIN,120,0.39
BENJAMIN-1984,1984,M,BENJAMIN,118,0.38
BENJAMIN-1985,1985,M,BENJAMIN,117,0.39
BENJAMIN-1986,1986,M,BENJAMIN,130,0.44
BENJAMIN-1987,1987,M,BENJAMIN,153,0.53
BENJAMIN-1988,1988,M,BENJAMIN,143,0.47
BENJAMIN-1989,1989,M,BENJAMIN,185,0.58
BENJAMIN-1990,1990,M,BENJAMIN,203,0.6
BENJAMIN-1991,1991,M,BENJAMIN,224,0.66
BENJAMIN-1992,1992,M,BENJAMIN,229,0.7
BENJAMIN-1993,1993,M,BENJAMIN,275,0.88
BENJAMIN-1994,1994,M,BENJAMIN,273,0.89
BENJAMIN-1995,1995,M,BENJAMIN,270,0.91
BENJAMIN-1996,1996,M,BENJAMIN,320,1.12
BENJAMIN-1997,1997,M,BENJAMIN,303,1.16
BENJAMIN-1998,1998,M,BENJAMIN,284,1.16
BENJAMIN-1999,1999,M,BENJAMIN,330,1.39
BENJAMIN-2000,2000,M,BENJAMIN,313,1.36
BENJAMIN-2001,2001,M,BENJAMIN,339,1.45
BENJAMIN-2002,2002,M,BENJAMIN,372,1.66
BENJAMIN-2003,2003,M,BENJAMIN,375,1.68
BENJAMIN-2004,2004,M,BENJAMIN,424,1.94
BENJAMIN-2005,2005,M,BENJAMIN,372,1.71
BENJAMIN-2006,2006,M,BENJAMIN,381,1.65
BENJAMIN-2007,2007,M,BENJAMIN,400,1.73
BENJAMIN-2008,2008,M,BENJAMIN,403,1.7
BENJAMIN-2009,2009,M,BENJAMIN,475,2.02
BENJAMIN-2010,2010,M,BENJAMIN,483,2.14
BENJAMIN-2011,2011,M,BENJAMIN,432,1.95
BENJAMIN-2012,2012,M,BENJAMIN,454,2.05
BENJAMIN-2013,2013,M,BENJAMIN,425,1.99
BENJAMIN-2014,2014,M,BENJAMIN,462,2.28
BENJAMIN-2015,2015,M,BENJAMIN,418,2.12
BENJAMIN-2016,2016,M,BENJAMIN,417,2.2
BENJAMIN-2017,2017,M,BENJAMIN,357,2.12
BENJAMIN-2018,2018,M,BENJAMIN,338,2.08
CEDRIC-1980,1980,M,CEDRIC,134,0.41
CEDRIC-1981,1981,M,CEDRIC,108,0.33
CEDRIC-1982,1982,M,CEDRIC,133,0.43
CEDRIC-1983,1983,M,CEDRIC,112,0.36
CEDRIC-1984,1984,M,CEDRIC,107,0.35
CEDRIC-1985,1985,M,CEDRIC,119,0.39
CEDRIC-1986,1986,M,CEDRIC,87,0.3
CEDRIC-1987,1987,M,CEDRIC,100,0.34
CEDRIC-1988,1988,M,CEDRIC,113,0.38
CEDRIC-1989,1989,M,CEDRIC,158,0.49
CEDRIC-1990,1990,M,CEDRIC,174,0.51
CEDRIC-1991,1991,M,CEDRIC,203,0.6
CEDRIC-1992,1992,M,CEDRIC,226,0.69
CEDRIC-1993,1993,M,CEDRIC,200,0.64
CEDRIC-1994,1994,M,CEDRIC,242,0.79
CEDRIC-1995,1995,M,CEDRIC,244,0.82
CEDRIC-1996,1996,M,CEDRIC,257,0.9
CEDRIC-1997,1997,M,CEDRIC,255,0.97
CEDRIC-1998,1998,M,CEDRIC,250,1.02
CEDRIC-1999,1999,M,CEDRIC,248,1.05
CEDRIC-2000,2000,M,CEDRIC,233,1.02
CEDRIC-2001,2001,M,CEDRIC,208,0.89
CEDRIC-2002,2002,M,CEDRIC,175,0.78
CEDRIC-2003,2003,M,CEDRIC,166,0.74
CEDRIC-2004,2004,M,CEDRIC,196,0.9
CEDRIC-2005,2005,M,CEDRIC,160,0.74
CEDRIC-2006,2006,M,CEDRIC,174,0.75
CEDRIC-2007,2007,M,CEDRIC,162,0.7
CEDRIC-2008,2008,M,CEDRIC,152,0.64
CEDRIC-2009,2009,M,CEDRIC,126,0.54
CEDRIC-2010,2010,M,CEDRIC,85,0.38
CEDRIC-2011,2011,M,CEDRIC,115,0.52
CEDRIC-2012,2012,M,CEDRIC,111,0.5
CEDRIC-2013,2013,M,CEDRIC,89,0.42
CEDRIC-2014,2014,M,CEDRIC,74,0.37
CEDRIC-2015,2015,M,CEDRIC,70,0.35
CEDRIC-2016,2016,M,CEDRIC,54,0.29
CEDRIC-2017,2017,M,CEDRIC,50,0.3
CEDRIC-2018,2018,M,CEDRIC,40,0.25
CHARLES-1980,1980,M,CHARLES,319,0.97
CHARLES-1981,1981,M,CHARLES,316,0.96
CHARLES-1982,1982,M,CHARLES,340,1.1
CHARLES-1983,1983,M,CHARLES,321,1.04
CHARLES-1984,1984,M,CHARLES,312,1.01
CHARLES-1985,1985,M,CHARLES,294,0.97
CHARLES-1986,1986,M,CHARLES,283,0.96
CHARLES-1987,1987,M,CHARLES,264,0.91
CHARLES-1988,1988,M,CHARLES,318,1.06
CHARLES-1989,1989,M,CHARLES,388,1.21
CHARLES-1990,1990,M,CHARLES,390,1.15
CHARLES-1991,1991,M,CHARLES,416,1.23
CHARLES-1992,1992,M,CHARLES,426,1.31
CHARLES-1993,1993,M,CHARLES,410,1.31
CHARLES-1994,1994,M,CHARLES,388,1.26
CHARLES-1995,1995,M,CHARLES,381,1.28
CHARLES-1996,1996,M,CHARLES,336,1.18
CHARLES-1997,1997,M,CHARLES,370,1.41
CHARLES-1998,1998,M,CHARLES,354,1.45
CHARLES-1999,1999,M,CHARLES,360,1.52
CHARLES-2000,2000,M,CHARLES,372,1.62
CHARLES-2001,2001,M,CHARLES,334,1.43
CHARLES-2002,2002,M,CHARLES,270,1.2
CHARLES-2003,2003,M,CHARLES,284,1.27
CHARLES-2004,2004,M,CHARLES,299,1.37
CHARLES-2005,2005,M,CHARLES,286,1.32
CHARLES-2006,2006,M,CHARLES,313,1.35
CHARLES-2007,2007,M,CHARLES,361,1.56
CHARLES-2008,2008,M,CHARLES,351,1.48
CHARLES-2009,2009,M,CHARLES,378,1.61
CHARLES-2010,2010,M,CHARLES,359,1.59
CHARLES-2011,2011,M,CHARLES,378,1.71
CHARLES-2012,2012,M,CHARLES,394,1.78
CHARLES-2013,2013,M,CHARLES,402,1.88
CHARLES-2014,2014,M,CHARLES,408,2.02
CHARLES-2015,2015,M,CHARLES,434,2.2
CHARLES-2016,2016,M,CHARLES,386,2.04
CHARLES-2017,2017,M,CHARLES,387,2.3
CHARLES-2018,2018,M,CHARLES,387,2.39
CHRISTOPHER-1980,1980,M,CHRISTOPHER,132,0.4
CHRISTOPHER-1981,1981,M,CHRISTOPHER,137,0.42
CHRISTOPHER-1982,1982,M,CHRISTOPHER,192,0.62
CHRISTOPHER-1983,1983,M,CHRISTOPHER,209,0.68
CHRISTOPHER-1984,1984,M,CHRISTOPHER,215,0.7
CHRISTOPHER-1985,1985,M,CHRISTOPHER,257,0.85
CHRISTOPHER-1986,1986,M,CHRISTOPHER,266,0.91
CHRISTOPHER-1987,1987,M,CHRISTOPHER,299,1.03
CHRISTOPHER-1988,1988,M,CHRISTOPHER,307,1.02
CHRISTOPHER-1989,1989,M,CHRISTOPHER,328,1.02
CHRISTOPHER-1990,1990,M,CHRISTOPHER,380,1.12
CHRISTOPHER-1991,1991,M,CHRISTOPHER,365,1.08
CHRISTOPHER-1992,1992,M,CHRISTOPHER,336,1.03
CHRISTOPHER-1993,1993,M,CHRISTOPHER,285,0.91
CHRISTOPHER-1994,1994,M,CHRISTOPHER,337,1.09
CHRISTOPHER-1995,1995,M,CHRISTOPHER,298,1
CHRISTOPHER-1996,1996,M,CHRISTOPHER,310,1.09
CHRISTOPHER-1997,1997,M,CHRISTOPHER,256,0.98
CHRISTOPHER-1998,1998,M,CHRISTOPHER,296,1.21
CHRISTOPHER-1999,1999,M,CHRISTOPHER,262,1.11
CHRISTOPHER-2000,2000,M,CHRISTOPHER,250,1.09
CHRISTOPHER-2001,2001,M,CHRISTOPHER,225,0.96
CHRISTOPHER-2002,2002,M,CHRISTOPHER,207,0.92
CHRISTOPHER-2003,2003,M,CHRISTOPHER,207,0.92
CHRISTOPHER-2004,2004,M,CHRISTOPHER,162,0.74
CHRISTOPHER-2005,2005,M,CHRISTOPHER,159,0.73
CHRISTOPHER-2006,2006,M,CHRISTOPHER,147,0.64
CHRISTOPHER-2007,2007,M,CHRISTOPHER,132,0.57
CHRISTOPHER-2008,2008,M,CHRISTOPHER,165,0.7
CHRISTOPHER-2009,2009,M,CHRISTOPHER,136,0.58
CHRISTOPHER-2010,2010,M,CHRISTOPHER,116,0.51
CHRISTOPHER-2011,2011,M,CHRISTOPHER,94,0.42
CHRISTOPHER-2012,2012,M,CHRISTOPHER,96,0.43
CHRISTOPHER-2013,2013,M,CHRISTOPHER,89,0.42
CHRISTOPHER-2014,2014,M,CHRISTOPHER,66,0.33
CHRISTOPHER-2015,2015,M,CHRISTOPHER,72,0.37
CHRISTOPHER-2016,2016,M,CHRISTOPHER,80,0.42
CHRISTOPHER-2017,2017,M,CHRISTOPHER,47,0.28
CHRISTOPHER-2018,2018,M,CHRISTOPHER,53,0.33
DANIEL-1980,1980,M,DANIEL,643,1.96
DANIEL-1981,1981,M,DANIEL,592,1.81
DANIEL-1982,1982,M,DANIEL,465,1.5
DANIEL-1983,1983,M,DANIEL,462,1.5
DANIEL-1984,1984,M,DANIEL,437,1.41
DANIEL-1985,1985,M,DANIEL,401,1.32
DANIEL-1986,1986,M,DANIEL,354,1.21
DANIEL-1987,1987,M,DANIEL,269,0.92
DANIEL-1988,1988,M,DANIEL,279,0.93
DANIEL-1989,1989,M,DANIEL,305,0.95
DANIEL-1990,1990,M,DANIEL,276,0.81
DANIEL-1991,1991,M,DANIEL,270,0.8
DANIEL-1992,1992,M,DANIEL,247,0.76
DANIEL-1993,1993,M,DANIEL,225,0.72
DANIEL-1994,1994,M,DANIEL,233,0.76
DANIEL-1995,1995,M,DANIEL,210,0.71
DANIEL-1996,1996,M,DANIEL,186,0.65
DANIEL-1997,1997,M,DANIEL,149,0.57
DANIEL-1998,1998,M,DANIEL,149,0.61
DANIEL-1999,1999,M,DANIEL,119,0.5
DANIEL-2000,2000,M,DANIEL,125,0.54
DANIEL-2001,2001,M,DANIEL,130,0.56
DANIEL-2002,2002,M,DANIEL,156,0.7
DANIEL-2003,2003,M,DANIEL,142,0.63
DANIEL-2004,2004,M,DANIEL,120,0.55
DANIEL-2005,2005,M,DANIEL,141,0.65
DANIEL-2006,2006,M,DANIEL,136,0.59
DANIEL-2007,2007,M,DANIEL,126,0.55
DANIEL-2008,2008,M,DANIEL,114,0.48
DANIEL-2009,2009,M,DANIEL,118,0.5
DANIEL-2010,2010,M,DANIEL,115,0.51
DANIEL-2011,2011,M,DANIEL,128,0.58
DANIEL-2012,2012,M,DANIEL,128,0.58
DANIEL-2013,2013,M,DANIEL,120,0.56
DANIEL-2014,2014,M,DANIEL,127,0.63
DANIEL-2015,2015,M,DANIEL,107,0.54
DANIEL-2016,2016,M,DANIEL,106,0.56
DANIEL-2017,2017,M,DANIEL,86,0.51
DANIEL-2018,2018,M,DANIEL,110,0.68
DAVID-1980,1980,M,DAVID,1236,3.77
DAVID-1981,1981,M,DAVID,1315,4.01
DAVID-1982,1982,M,DAVID,1450,4.68
DAVID-1983,1983,M,DAVID,1423,4.61
DAVID-1984,1984,M,DAVID,1357,4.39
DAVID-1985,1985,M,DAVID,1231,4.07
DAVID-1986,1986,M,DAVID,995,3.39
DAVID-1987,1987,M,DAVID,1030,3.53
DAVID-1988,1988,M,DAVID,1000,3.32
DAVID-1989,1989,M,DAVID,1237,3.86
DAVID-1990,1990,M,DAVID,1138,3.35
DAVID-1991,1991,M,DAVID,1080,3.19
DAVID-1992,1992,M,DAVID,907,2.79
DAVID-1993,1993,M,DAVID,796,2.54
DAVID-1994,1994,M,DAVID,770,2.5
DAVID-1995,1995,M,DAVID,658,2.22
DAVID-1996,1996,M,DAVID,626,2.19
DAVID-1997,1997,M,DAVID,579,2.21
DAVID-1998,1998,M,DAVID,492,2.02
DAVID-1999,1999,M,DAVID,452,1.91
DAVID-2000,2000,M,DAVID,431,1.88
DAVID-2001,2001,M,DAVID,348,1.49
DAVID-2002,2002,M,DAVID,310,1.38
DAVID-2003,2003,M,DAVID,314,1.4
DAVID-2004,2004,M,DAVID,230,1.05
DAVID-2005,2005,M,DAVID,256,1.18
DAVID-2006,2006,M,DAVID,275,1.19
DAVID-2007,2007,M,DAVID,234,1.01
DAVID-2008,2008,M,DAVID,256,1.08
DAVID-2009,2009,M,DAVID,239,1.02
DAVID-2010,2010,M,DAVID,230,1.02
DAVID-2011,2011,M,DAVID,182,0.82
DAVID-2012,2012,M,DAVID,185,0.84
DAVID-2013,2013,M,DAVID,186,0.87
DAVID-2014,2014,M,DAVID,182,0.9
DAVID-2015,2015,M,DAVID,168,0.85
DAVID-2016,2016,M,DAVID,134,0.71
DAVID-2017,2017,M,DAVID,109,0.65
DAVID-2018,2018,M,DAVID,97,0.6
DYLAN-1980,1980,M,DYLAN,3,0.01
DYLAN-1981,1981,M,DYLAN,4,0.01
DYLAN-1982,1982,M,DYLAN,3,0.01
DYLAN-1983,1983,M,DYLAN,9,0.03
DYLAN-1984,1984,M,DYLAN,3,0.01
DYLAN-1985,1985,M,DYLAN,7,0.02
DYLAN-1986,1986,M,DYLAN,5,0.02
DYLAN-1987,1987,M,DYLAN,10,0.03
DYLAN-1988,1988,M,DYLAN,7,0.02
DYLAN-1989,1989,M,DYLAN,7,0.02
DYLAN-1990,1990,M,DYLAN,20,0.06
DYLAN-1991,1991,M,DYLAN,35,0.1
DYLAN-1992,1992,M,DYLAN,50,0.15
DYLAN-1993,1993,M,DYLAN,48,0.15
DYLAN-1994,1994,M,DYLAN,70,0.23
DYLAN-1995,1995,M,DYLAN,100,0.34
DYLAN-1996,1996,M,DYLAN,120,0.42
DYLAN-1997,1997,M,DYLAN,128,0.49
DYLAN-1998,1998,M,DYLAN,147,0.6
DYLAN-1999,1999,M,DYLAN,201,0.85
DYLAN-2000,2000,M,DYLAN,285,1.24
DYLAN-2001,2001,M,DYLAN,245,1.05
DYLAN-2002,2002,M,DYLAN,220,0.98
DYLAN-2003,2003,M,DYLAN,203,0.91
DYLAN-2004,2004,M,DYLAN,197,0.9
DYLAN-2005,2005,M,DYLAN,185,0.85
DYLAN-2006,2006,M,DYLAN,176,0.76
DYLAN-2007,2007,M,DYLAN,203,0.88
DYLAN-2008,2008,M,DYLAN,217,0.92
DYLAN-2009,2009,M,DYLAN,182,0.77
DYLAN-2010,2010,M,DYLAN,169,0.75
DYLAN-2011,2011,M,DYLAN,222,1
DYLAN-2012,2012,M,DYLAN,175,0.79
DYLAN-2013,2013,M,DYLAN,202,0.94
DYLAN-2014,2014,M,DYLAN,186,0.92
DYLAN-2015,2015,M,DYLAN,179,0.91
DYLAN-2016,2016,M,DYLAN,221,1.17
DYLAN-2017,2017,M,DYLAN,198,1.17
DYLAN-2018,2018,M,DYLAN,164,1.01
EDOUARD-1980,1980,M,EDOUARD,8,0.02
EDOUARD-1981,1981,M,EDOUARD,7,0.02
EDOUARD-1982,1982,M,EDOUARD,6,0.02
EDOUARD-1983,1983,M,EDOUARD,7,0.02
EDOUARD-1984,1984,M,EDOUARD,6,0.02
EDOUARD-1985,1985,M,EDOUARD,14,0.05
EDOUARD-1986,1986,M,EDOUARD,6,0.02
EDOUARD-1987,1987,M,EDOUARD,14,0.05
EDOUARD-1988,1988,M,EDOUARD,10,0.03
EDOUARD-1989,1989,M,EDOUARD,7,0.02
EDOUARD-1990,1990,M,EDOUARD,17,0.05
EDOUARD-1991,1991,M,EDOUARD,22,0.07
EDOUARD-1992,1992,M,EDOUARD,29,0.09
EDOUARD-1993,1993,M,EDOUARD,31,0.1
EDOUARD-1994,1994,M,EDOUARD,22,0.07
EDOUARD-1995,1995,M,EDOUARD,40,0.13
EDOUARD-1996,1996,M,EDOUARD,44,0.15
EDOUARD-1997,1997,M,EDOUARD,73,0.28
EDOUARD-1998,1998,M,EDOUARD,66,0.27
EDOUARD-1999,1999,M,EDOUARD,53,0.22
EDOUARD-2000,2000,M,EDOUARD,78,0.34
EDOUARD-2001,2001,M,EDOUARD,100,0.43
EDOUARD-2002,2002,M,EDOUARD,115,0.51
EDOUARD-2003,2003,M,EDOUARD,138,0.62
EDOUARD-2004,2004,M,EDOUARD,145,0.66
EDOUARD-2005,2005,M,EDOUARD,181,0.83
EDOUARD-2006,2006,M,EDOUARD,276,1.19
EDOUARD-2007,2007,M,EDOUARD,277,1.2
EDOUARD-2008,2008,M,EDOUARD,297,1.25
EDOUARD-2009,2009,M,EDOUARD,392,1.67
EDOUARD-2010,2010,M,EDOUARD,327,1.45
EDOUARD-2011,2011,M,EDOUARD,324,1.46
EDOUARD-2012,2012,M,EDOUARD,324,1.46
EDOUARD-2013,2013,M,EDOUARD,349,1.63
EDOUARD-2014,2014,M,EDOUARD,343,1.7
EDOUARD-2015,2015,M,EDOUARD,394,2
EDOUARD-2016,2016,M,EDOUARD,465,2.46
EDOUARD-2017,2017,M,EDOUARD,455,2.7
EDOUARD-2018,2018,M,EDOUARD,488,3.01
ELLIOT-1980,1980,M,ELLIOT,1,0
ELLIOT-1981,1981,M,ELLIOT,1,0
ELLIOT-1982,1982,M,ELLIOT,2,0.01
ELLIOT-1983,1983,M,ELLIOT,4,0.01
ELLIOT-1984,1984,M,ELLIOT,5,0.02
ELLIOT-1985,1985,M,ELLIOT,1,0
ELLIOT-1986,1986,M,ELLIOT,0,0
ELLIOT-1987,1987,M,ELLIOT,3,0.01
ELLIOT-1988,1988,M,ELLIOT,7,0.02
ELLIOT-1989,1989,M,ELLIOT,13,0.04
ELLIOT-1990,1990,M,ELLIOT,13,0.04
ELLIOT-1991,1991,M,ELLIOT,11,0.03
ELLIOT-1992,1992,M,ELLIOT,11,0.03
ELLIOT-1993,1993,M,ELLIOT,13,0.04
ELLIOT-1994,1994,M,ELLIOT,18,0.06
ELLIOT-1995,1995,M,ELLIOT,19,0.06
ELLIOT-1996,1996,M,ELLIOT,11,0.04
ELLIOT-1997,1997,M,ELLIOT,18,0.07
ELLIOT-1998,1998,M,ELLIOT,10,0.04
ELLIOT-1999,1999,M,ELLIOT,18,0.08
ELLIOT-2000,2000,M,ELLIOT,24,0.1
ELLIOT-2001,2001,M,ELLIOT,36,0.15
ELLIOT-2002,2002,M,ELLIOT,73,0.33
ELLIOT-2003,2003,M,ELLIOT,52,0.23
ELLIOT-2004,2004,M,ELLIOT,65,0.3
ELLIOT-2005,2005,M,ELLIOT,87,0.4
ELLIOT-2006,2006,M,ELLIOT,133,0.58
ELLIOT-2007,2007,M,ELLIOT,165,0.71
ELLIOT-2008,2008,M,ELLIOT,230,0.97
ELLIOT-2009,2009,M,ELLIOT,230,0.98
ELLIOT-2010,2010,M,ELLIOT,245,1.08
ELLIOT-2011,2011,M,ELLIOT,208,0.94
ELLIOT-2012,2012,M,ELLIOT,280,1.26
ELLIOT-2013,2013,M,ELLIOT,321,1.5
ELLIOT-2014,2014,M,ELLIOT,286,1.41
ELLIOT-2015,2015,M,ELLIOT,306,1.55
ELLIOT-2016,2016,M,ELLIOT,318,1.68
ELLIOT-2017,2017,M,ELLIOT,330,1.96
ELLIOT-2018,2018,M,ELLIOT,305,1.88
EMILE-1980,1980,M,EMILE,11,0.03
EMILE-1981,1981,M,EMILE,12,0.04
EMILE-1982,1982,M,EMILE,16,0.05
EMILE-1983,1983,M,EMILE,12,0.04
EMILE-1984,1984,M,EMILE,8,0.03
EMILE-1985,1985,M,EMILE,15,0.05
EMILE-1986,1986,M,EMILE,27,0.09
EMILE-1987,1987,M,EMILE,14,0.05
EMILE-1988,1988,M,EMILE,21,0.07
EMILE-1989,1989,M,EMILE,34,0.11
EMILE-1990,1990,M,EMILE,50,0.15
EMILE-1991,1991,M,EMILE,92,0.27
EMILE-1992,1992,M,EMILE,70,0.22
EMILE-1993,1993,M,EMILE,87,0.28
EMILE-1994,1994,M,EMILE,112,0.36
EMILE-1995,1995,M,EMILE,130,0.44
EMILE-1996,1996,M,EMILE,162,0.57
EMILE-1997,1997,M,EMILE,167,0.64
EMILE-1998,1998,M,EMILE,167,0.68
EMILE-1999,1999,M,EMILE,185,0.78
EMILE-2000,2000,M,EMILE,208,0.91
EMILE-2001,2001,M,EMILE,243,1.04
EMILE-2002,2002,M,EMILE,292,1.3
EMILE-2003,2003,M,EMILE,382,1.71
EMILE-2004,2004,M,EMILE,402,1.84
EMILE-2005,2005,M,EMILE,385,1.77
EMILE-2006,2006,M,EMILE,457,1.98
EMILE-2007,2007,M,EMILE,454,1.97
EMILE-2008,2008,M,EMILE,427,1.8
EMILE-2009,2009,M,EMILE,457,1.94
EMILE-2010,2010,M,EMILE,428,1.89
EMILE-2011,2011,M,EMILE,390,1.76
EMILE-2012,2012,M,EMILE,446,2.01
EMILE-2013,2013,M,EMILE,416,1.94
EMILE-2014,2014,M,EMILE,464,2.29
EMILE-2015,2015,M,EMILE,483,2.45
EMILE-2016,2016,M,EMILE,479,2.53
EMILE-2017,2017,M,EMILE,458,2.72
EMILE-2018,2018,M,EMILE,481,2.96
ETIENNE-1980,1980,M,ETIENNE,298,0.91
ETIENNE-1981,1981,M,ETIENNE,269,0.82
ETIENNE-1982,1982,M,ETIENNE,241,0.78
ETIENNE-1983,1983,M,ETIENNE,237,0.77
ETIENNE-1984,1984,M,ETIENNE,214,0.69
ETIENNE-1985,1985,M,ETIENNE,220,0.73
ETIENNE-1986,1986,M,ETIENNE,188,0.64
ETIENNE-1987,1987,M,ETIENNE,208,0.71
ETIENNE-1988,1988,M,ETIENNE,236,0.78
ETIENNE-1989,1989,M,ETIENNE,285,0.89
ETIENNE-1990,1990,M,ETIENNE,327,0.96
ETIENNE-1991,1991,M,ETIENNE,339,1
ETIENNE-1992,1992,M,ETIENNE,355,1.09
ETIENNE-1993,1993,M,ETIENNE,353,1.12
ETIENNE-1994,1994,M,ETIENNE,344,1.12
ETIENNE-1995,1995,M,ETIENNE,357,1.2
ETIENNE-1996,1996,M,ETIENNE,324,1.13
ETIENNE-1997,1997,M,ETIENNE,332,1.27
ETIENNE-1998,1998,M,ETIENNE,301,1.23
ETIENNE-1999,1999,M,ETIENNE,281,1.19
ETIENNE-2000,2000,M,ETIENNE,240,1.05
ETIENNE-2001,2001,M,ETIENNE,263,1.13
ETIENNE-2002,2002,M,ETIENNE,236,1.05
ETIENNE-2003,2003,M,ETIENNE,252,1.13
ETIENNE-2004,2004,M,ETIENNE,268,1.22
ETIENNE-2005,2005,M,ETIENNE,270,1.24
ETIENNE-2006,2006,M,ETIENNE,316,1.37
ETIENNE-2007,2007,M,ETIENNE,288,1.25
ETIENNE-2008,2008,M,ETIENNE,330,1.39
ETIENNE-2009,2009,M,ETIENNE,279,1.19
ETIENNE-2010,2010,M,ETIENNE,262,1.16
ETIENNE-2011,2011,M,ETIENNE,238,1.07
ETIENNE-2012,2012,M,ETIENNE,294,1.33
ETIENNE-2013,2013,M,ETIENNE,227,1.06
ETIENNE-2014,2014,M,ETIENNE,191,0.94
ETIENNE-2015,2015,M,ETIENNE,163,0.83
ETIENNE-2016,2016,M,ETIENNE,140,0.74
ETIENNE-2017,2017,M,ETIENNE,106,0.63
ETIENNE-2018,2018,M,ETIENNE,73,0.45
FELIX-1980,1980,M,FELIX,71,0.22
FELIX-1981,1981,M,FELIX,72,0.22
FELIX-1982,1982,M,FELIX,56,0.18
FELIX-1983,1983,M,FELIX,65,0.21
FELIX-1984,1984,M,FELIX,46,0.15
FELIX-1985,1985,M,FELIX,54,0.18
FELIX-1986,1986,M,FELIX,62,0.21
FELIX-1987,1987,M,FELIX,98,0.34
FELIX-1988,1988,M,FELIX,133,0.44
FELIX-1989,1989,M,FELIX,193,0.6
FELIX-1990,1990,M,FELIX,217,0.64
FELIX-1991,1991,M,FELIX,252,0.75
FELIX-1992,1992,M,FELIX,305,0.94
FELIX-1993,1993,M,FELIX,418,1.33
FELIX-1994,1994,M,FELIX,413,1.34
FELIX-1995,1995,M,FELIX,489,1.65
FELIX-1996,1996,M,FELIX,495,1.73
FELIX-1997,1997,M,FELIX,487,1.86
FELIX-1998,1998,M,FELIX,509,2.08
FELIX-1999,1999,M,FELIX,552,2.33
FELIX-2000,2000,M,FELIX,506,2.2
FELIX-2001,2001,M,FELIX,527,2.26
FELIX-2002,2002,M,FELIX,588,2.62
FELIX-2003,2003,M,FELIX,550,2.46
FELIX-2004,2004,M,FELIX,589,2.69
FELIX-2005,2005,M,FELIX,631,2.9
FELIX-2006,2006,M,FELIX,615,2.66
FELIX-2007,2007,M,FELIX,695,3.01
FELIX-2008,2008,M,FELIX,712,3.01
FELIX-2009,2009,M,FELIX,765,3.25
FELIX-2010,2010,M,FELIX,621,2.75
FELIX-2011,2011,M,FELIX,746,3.37
FELIX-2012,2012,M,FELIX,711,3.21
FELIX-2013,2013,M,FELIX,703,3.28
FELIX-2014,2014,M,FELIX,721,3.57
FELIX-2015,2015,M,FELIX,645,3.27
FELIX-2016,2016,M,FELIX,611,3.23
FELIX-2017,2017,M,FELIX,454,2.69
FELIX-2018,2018,M,FELIX,496,3.06
GABRIEL-1980,1980,M,GABRIEL,204,0.62
GABRIEL-1981,1981,M,GABRIEL,252,0.77
GABRIEL-1982,1982,M,GABRIEL,265,0.85
GABRIEL-1983,1983,M,GABRIEL,320,1.04
GABRIEL-1984,1984,M,GABRIEL,329,1.07
GABRIEL-1985,1985,M,GABRIEL,309,1.02
GABRIEL-1986,1986,M,GABRIEL,389,1.33
GABRIEL-1987,1987,M,GABRIEL,470,1.61
GABRIEL-1988,1988,M,GABRIEL,563,1.87
GABRIEL-1989,1989,M,GABRIEL,588,1.83
GABRIEL-1990,1990,M,GABRIEL,813,2.39
GABRIEL-1991,1991,M,GABRIEL,904,2.67
GABRIEL-1992,1992,M,GABRIEL,1024,3.15
GABRIEL-1993,1993,M,GABRIEL,1027,3.27
GABRIEL-1994,1994,M,GABRIEL,1148,3.73
GABRIEL-1995,1995,M,GABRIEL,1213,4.09
GABRIEL-1996,1996,M,GABRIEL,1246,4.36
GABRIEL-1997,1997,M,GABRIEL,1065,4.07
GABRIEL-1998,1998,M,GABRIEL,996,4.08
GABRIEL-1999,1999,M,GABRIEL,902,3.81
GABRIEL-2000,2000,M,GABRIEL,899,3.92
GABRIEL-2001,2001,M,GABRIEL,1053,4.51
GABRIEL-2002,2002,M,GABRIEL,846,3.77
GABRIEL-2003,2003,M,GABRIEL,753,3.36
GABRIEL-2004,2004,M,GABRIEL,666,3.04
GABRIEL-2005,2005,M,GABRIEL,663,3.05
GABRIEL-2006,2006,M,GABRIEL,674,2.92
GABRIEL-2007,2007,M,GABRIEL,811,3.51
GABRIEL-2008,2008,M,GABRIEL,934,3.94
GABRIEL-2009,2009,M,GABRIEL,777,3.3
GABRIEL-2010,2010,M,GABRIEL,746,3.3
GABRIEL-2011,2011,M,GABRIEL,701,3.16
GABRIEL-2012,2012,M,GABRIEL,759,3.43
GABRIEL-2013,2013,M,GABRIEL,630,2.94
GABRIEL-2014,2014,M,GABRIEL,553,2.73
GABRIEL-2015,2015,M,GABRIEL,512,2.6
GABRIEL-2016,2016,M,GABRIEL,535,2.83
GABRIEL-2017,2017,M,GABRIEL,404,2.4
GABRIEL-2018,2018,M,GABRIEL,360,2.22
GUILLAUME-1980,1980,M,GUILLAUME,635,1.94
GUILLAUME-1981,1981,M,GUILLAUME,748,2.28
GUILLAUME-1982,1982,M,GUILLAUME,718,2.32
GUILLAUME-1983,1983,M,GUILLAUME,755,2.45
GUILLAUME-1984,1984,M,GUILLAUME,1064,3.45
GUILLAUME-1985,1985,M,GUILLAUME,960,3.17
GUILLAUME-1986,1986,M,GUILLAUME,843,2.87
GUILLAUME-1987,1987,M,GUILLAUME,831,2.85
GUILLAUME-1988,1988,M,GUILLAUME,814,2.7
GUILLAUME-1989,1989,M,GUILLAUME,765,2.39
GUILLAUME-1990,1990,M,GUILLAUME,792,2.33
GUILLAUME-1991,1991,M,GUILLAUME,758,2.24
GUILLAUME-1992,1992,M,GUILLAUME,736,2.26
GUILLAUME-1993,1993,M,GUILLAUME,675,2.15
GUILLAUME-1994,1994,M,GUILLAUME,645,2.09
GUILLAUME-1995,1995,M,GUILLAUME,542,1.83
GUILLAUME-1996,1996,M,GUILLAUME,546,1.91
GUILLAUME-1997,1997,M,GUILLAUME,513,1.96
GUILLAUME-1998,1998,M,GUILLAUME,406,1.66
GUILLAUME-1999,1999,M,GUILLAUME,380,1.6
GUILLAUME-2000,2000,M,GUILLAUME,319,1.39
GUILLAUME-2001,2001,M,GUILLAUME,260,1.11
GUILLAUME-2002,2002,M,GUILLAUME,270,1.2
GUILLAUME-2003,2003,M,GUILLAUME,255,1.14
GUILLAUME-2004,2004,M,GUILLAUME,230,1.05
GUILLAUME-2005,2005,M,GUILLAUME,193,0.89
GUILLAUME-2006,2006,M,GUILLAUME,228,0.99
GUILLAUME-2007,2007,M,GUILLAUME,238,1.03
GUILLAUME-2008,2008,M,GUILLAUME,209,0.88
GUILLAUME-2009,2009,M,GUILLAUME,193,0.82
GUILLAUME-2010,2010,M,GUILLAUME,159,0.7
GUILLAUME-2011,2011,M,GUILLAUME,110,0.5
GUILLAUME-2012,2012,M,GUILLAUME,98,0.44
GUILLAUME-2013,2013,M,GUILLAUME,82,0.38
GUILLAUME-2014,2014,M,GUILLAUME,67,0.33
GUILLAUME-2015,2015,M,GUILLAUME,54,0.27
GUILLAUME-2016,2016,M,GUILLAUME,39,0.21
GUILLAUME-2017,2017,M,GUILLAUME,26,0.15
GUILLAUME-2018,2018,M,GUILLAUME,25,0.15
HUGO-1980,1980,M,HUGO,210,0.64
HUGO-1981,1981,M,HUGO,223,0.68
HUGO-1982,1982,M,HUGO,175,0.56
HUGO-1983,1983,M,HUGO,133,0.43
HUGO-1984,1984,M,HUGO,163,0.53
HUGO-1985,1985,M,HUGO,185,0.61
HUGO-1986,1986,M,HUGO,175,0.6
HUGO-1987,1987,M,HUGO,171,0.59
HUGO-1988,1988,M,HUGO,165,0.55
HUGO-1989,1989,M,HUGO,224,0.7
HUGO-1990,1990,M,HUGO,217,0.64
HUGO-1991,1991,M,HUGO,259,0.77
HUGO-1992,1992,M,HUGO,217,0.67
HUGO-1993,1993,M,HUGO,183,0.58
HUGO-1994,1994,M,HUGO,174,0.56
HUGO-1995,1995,M,HUGO,167,0.56
HUGO-1996,1996,M,HUGO,167,0.58
HUGO-1997,1997,M,HUGO,185,0.71
HUGO-1998,1998,M,HUGO,132,0.54
HUGO-1999,1999,M,HUGO,143,0.6
HUGO-2000,2000,M,HUGO,144,0.63
HUGO-2001,2001,M,HUGO,122,0.52
HUGO-2002,2002,M,HUGO,122,0.54
HUGO-2003,2003,M,HUGO,163,0.73
HUGO-2004,2004,M,HUGO,145,0.66
HUGO-2005,2005,M,HUGO,159,0.73
HUGO-2006,2006,M,HUGO,218,0.94
HUGO-2007,2007,M,HUGO,179,0.78
HUGO-2008,2008,M,HUGO,191,0.81
HUGO-2009,2009,M,HUGO,170,0.72
HUGO-2010,2010,M,HUGO,160,0.71
HUGO-2011,2011,M,HUGO,163,0.74
HUGO-2012,2012,M,HUGO,152,0.69
HUGO-2013,2013,M,HUGO,177,0.83
HUGO-2014,2014,M,HUGO,173,0.86
HUGO-2015,2015,M,HUGO,180,0.91
HUGO-2016,2016,M,HUGO,119,0.63
HUGO-2017,2017,M,HUGO,117,0.69
HUGO-2018,2018,M,HUGO,93,0.57
JACOB-1980,1980,M,JACOB,14,0.04
JACOB-1981,1981,M,JACOB,15,0.05
JACOB-1982,1982,M,JACOB,18,0.06
JACOB-1983,1983,M,JACOB,17,0.06
JACOB-1984,1984,M,JACOB,16,0.05
JACOB-1985,1985,M,JACOB,12,0.04
JACOB-1986,1986,M,JACOB,23,0.08
JACOB-1987,1987,M,JACOB,31,0.11
JACOB-1988,1988,M,JACOB,36,0.12
JACOB-1989,1989,M,JACOB,43,0.13
JACOB-1990,1990,M,JACOB,48,0.14
JACOB-1991,1991,M,JACOB,84,0.25
JACOB-1992,1992,M,JACOB,107,0.33
JACOB-1993,1993,M,JACOB,104,0.33
JACOB-1994,1994,M,JACOB,128,0.42
JACOB-1995,1995,M,JACOB,160,0.54
JACOB-1996,1996,M,JACOB,229,0.8
JACOB-1997,1997,M,JACOB,279,1.07
JACOB-1998,1998,M,JACOB,315,1.29
JACOB-1999,1999,M,JACOB,313,1.32
JACOB-2000,2000,M,JACOB,358,1.56
JACOB-2001,2001,M,JACOB,454,1.94
JACOB-2002,2002,M,JACOB,455,2.03
JACOB-2003,2003,M,JACOB,433,1.93
JACOB-2004,2004,M,JACOB,432,1.97
JACOB-2005,2005,M,JACOB,471,2.17
JACOB-2006,2006,M,JACOB,533,2.31
JACOB-2007,2007,M,JACOB,445,1.93
JACOB-2008,2008,M,JACOB,515,2.17
JACOB-2009,2009,M,JACOB,550,2.34
JACOB-2010,2010,M,JACOB,763,3.38
JACOB-2011,2011,M,JACOB,737,3.33
JACOB-2012,2012,M,JACOB,724,3.27
JACOB-2013,2013,M,JACOB,642,3
JACOB-2014,2014,M,JACOB,617,3.05
JACOB-2015,2015,M,JACOB,671,3.4
JACOB-2016,2016,M,JACOB,606,3.2
JACOB-2017,2017,M,JACOB,573,3.4
JACOB-2018,2018,M,JACOB,540,3.33
JAMES-1980,1980,M,JAMES,75,0.23
JAMES-1981,1981,M,JAMES,89,0.27
JAMES-1982,1982,M,JAMES,96,0.31
JAMES-1983,1983,M,JAMES,88,0.29
JAMES-1984,1984,M,JAMES,104,0.34
JAMES-1985,1985,M,JAMES,76,0.25
JAMES-1986,1986,M,JAMES,81,0.28
JAMES-1987,1987,M,JAMES,83,0.28
JAMES-1988,1988,M,JAMES,69,0.23
JAMES-1989,1989,M,JAMES,83,0.26
JAMES-1990,1990,M,JAMES,102,0.3
JAMES-1991,1991,M,JAMES,121,0.36
JAMES-1992,1992,M,JAMES,127,0.39
JAMES-1993,1993,M,JAMES,119,0.38
JAMES-1994,1994,M,JAMES,145,0.47
JAMES-1995,1995,M,JAMES,113,0.38
JAMES-1996,1996,M,JAMES,119,0.42
JAMES-1997,1997,M,JAMES,131,0.5
JAMES-1998,1998,M,JAMES,99,0.41
JAMES-1999,1999,M,JAMES,109,0.46
JAMES-2000,2000,M,JAMES,123,0.54
JAMES-2001,2001,M,JAMES,101,0.43
JAMES-2002,2002,M,JAMES,87,0.39
JAMES-2003,2003,M,JAMES,109,0.49
JAMES-2004,2004,M,JAMES,99,0.45
JAMES-2005,2005,M,JAMES,116,0.53
JAMES-2006,2006,M,JAMES,120,0.52
JAMES-2007,2007,M,JAMES,149,0.65
JAMES-2008,2008,M,JAMES,138,0.58
JAMES-2009,2009,M,JAMES,119,0.51
JAMES-2010,2010,M,JAMES,150,0.66
JAMES-2011,2011,M,JAMES,153,0.69
JAMES-2012,2012,M,JAMES,183,0.83
JAMES-2013,2013,M,JAMES,228,1.07
JAMES-2014,2014,M,JAMES,252,1.25
JAMES-2015,2015,M,JAMES,285,1.44
JAMES-2016,2016,M,JAMES,312,1.65
JAMES-2017,2017,M,JAMES,310,1.84
JAMES-2018,2018,M,JAMES,343,2.11
JEREMY-1980,1980,M,JEREMY,40,0.12
JEREMY-1981,1981,M,JEREMY,57,0.17
JEREMY-1982,1982,M,JEREMY,56,0.18
JEREMY-1983,1983,M,JEREMY,55,0.18
JEREMY-1984,1984,M,JEREMY,68,0.22
JEREMY-1985,1985,M,JEREMY,68,0.22
JEREMY-1986,1986,M,JEREMY,73,0.25
JEREMY-1987,1987,M,JEREMY,92,0.32
JEREMY-1988,1988,M,JEREMY,89,0.3
JEREMY-1989,1989,M,JEREMY,110,0.34
JEREMY-1990,1990,M,JEREMY,152,0.45
JEREMY-1991,1991,M,JEREMY,218,0.64
JEREMY-1992,1992,M,JEREMY,238,0.73
JEREMY-1993,1993,M,JEREMY,287,0.91
JEREMY-1994,1994,M,JEREMY,352,1.14
JEREMY-1995,1995,M,JEREMY,400,1.35
JEREMY-1996,1996,M,JEREMY,462,1.62
JEREMY-1997,1997,M,JEREMY,521,1.99
JEREMY-1998,1998,M,JEREMY,583,2.39
JEREMY-1999,1999,M,JEREMY,659,2.78
JEREMY-2000,2000,M,JEREMY,706,3.08
JEREMY-2001,2001,M,JEREMY,713,3.05
JEREMY-2002,2002,M,JEREMY,719,3.21
JEREMY-2003,2003,M,JEREMY,717,3.2
JEREMY-2004,2004,M,JEREMY,636,2.9
JEREMY-2005,2005,M,JEREMY,536,2.47
JEREMY-2006,2006,M,JEREMY,574,2.48
JEREMY-2007,2007,M,JEREMY,473,2.05
JEREMY-2008,2008,M,JEREMY,353,1.49
JEREMY-2009,2009,M,JEREMY,366,1.55
JEREMY-2010,2010,M,JEREMY,333,1.47
JEREMY-2011,2011,M,JEREMY,305,1.38
JEREMY-2012,2012,M,JEREMY,254,1.15
JEREMY-2013,2013,M,JEREMY,263,1.23
JEREMY-2014,2014,M,JEREMY,211,1.04
JEREMY-2015,2015,M,JEREMY,195,0.99
JEREMY-2016,2016,M,JEREMY,98,0.52
JEREMY-2017,2017,M,JEREMY,60,0.36
JEREMY-2018,2018,M,JEREMY,54,0.33
JORDAN-1980,1980,M,JORDAN,26,0.08
JORDAN-1981,1981,M,JORDAN,23,0.07
JORDAN-1982,1982,M,JORDAN,51,0.16
JORDAN-1983,1983,M,JORDAN,33,0.11
JORDAN-1984,1984,M,JORDAN,43,0.14
JORDAN-1985,1985,M,JORDAN,48,0.16
JORDAN-1986,1986,M,JORDAN,41,0.14
JORDAN-1987,1987,M,JORDAN,54,0.19
JORDAN-1988,1988,M,JORDAN,57,0.19
JORDAN-1989,1989,M,JORDAN,98,0.31
JORDAN-1990,1990,M,JORDAN,170,0.5
JORDAN-1991,1991,M,JORDAN,183,0.54
JORDAN-1992,1992,M,JORDAN,200,0.61
JORDAN-1993,1993,M,JORDAN,213,0.68
JORDAN-1994,1994,M,JORDAN,203,0.66
JORDAN-1995,1995,M,JORDAN,167,0.56
JORDAN-1996,1996,M,JORDAN,210,0.74
JORDAN-1997,1997,M,JORDAN,202,0.77
JORDAN-1998,1998,M,JORDAN,204,0.84
JORDAN-1999,1999,M,JORDAN,185,0.78
JORDAN-2000,2000,M,JORDAN,192,0.84
JORDAN-2001,2001,M,JORDAN,190,0.81
JORDAN-2002,2002,M,JORDAN,178,0.79
JORDAN-2003,2003,M,JORDAN,169,0.76
JORDAN-2004,2004,M,JORDAN,145,0.66
JORDAN-2005,2005,M,JORDAN,130,0.6
JORDAN-2006,2006,M,JORDAN,131,0.57
JORDAN-2007,2007,M,JORDAN,129,0.56
JORDAN-2008,2008,M,JORDAN,118,0.5
JORDAN-2009,2009,M,JORDAN,140,0.59
JORDAN-2010,2010,M,JORDAN,141,0.62
JORDAN-2011,2011,M,JORDAN,126,0.57
JORDAN-2012,2012,M,JORDAN,93,0.42
JORDAN-2013,2013,M,JORDAN,98,0.46
JORDAN-2014,2014,M,JORDAN,97,0.48
JORDAN-2015,2015,M,JORDAN,106,0.54
JORDAN-2016,2016,M,JORDAN,100,0.53
JORDAN-2017,2017,M,JORDAN,88,0.52
JORDAN-2018,2018,M,JORDAN,98,0.6
JULIEN-1980,1980,M,JULIEN,200,0.61
JULIEN-1981,1981,M,JULIEN,212,0.65
JULIEN-1982,1982,M,JULIEN,246,0.79
JULIEN-1983,1983,M,JULIEN,277,0.9
JULIEN-1984,1984,M,JULIEN,281,0.91
JULIEN-1985,1985,M,JULIEN,295,0.97
JULIEN-1986,1986,M,JULIEN,303,1.03
JULIEN-1987,1987,M,JULIEN,394,1.35
JULIEN-1988,1988,M,JULIEN,495,1.64
JULIEN-1989,1989,M,JULIEN,519,1.62
JULIEN-1990,1990,M,JULIEN,529,1.56
JULIEN-1991,1991,M,JULIEN,529,1.56
JULIEN-1992,1992,M,JULIEN,475,1.46
JULIEN-1993,1993,M,JULIEN,432,1.38
JULIEN-1994,1994,M,JULIEN,355,1.15
JULIEN-1995,1995,M,JULIEN,289,0.97
JULIEN-1996,1996,M,JULIEN,304,1.06
JULIEN-1997,1997,M,JULIEN,273,1.04
JULIEN-1998,1998,M,JULIEN,219,0.9
JULIEN-1999,1999,M,JULIEN,210,0.89
JULIEN-2000,2000,M,JULIEN,210,0.91
JULIEN-2001,2001,M,JULIEN,216,0.92
JULIEN-2002,2002,M,JULIEN,208,0.93
JULIEN-2003,2003,M,JULIEN,249,1.11
JULIEN-2004,2004,M,JULIEN,178,0.81
JULIEN-2005,2005,M,JULIEN,227,1.04
JULIEN-2006,2006,M,JULIEN,216,0.93
JULIEN-2007,2007,M,JULIEN,206,0.89
JULIEN-2008,2008,M,JULIEN,216,0.91
JULIEN-2009,2009,M,JULIEN,204,0.87
JULIEN-2010,2010,M,JULIEN,183,0.81
JULIEN-2011,2011,M,JULIEN,168,0.76
JULIEN-2012,2012,M,JULIEN,153,0.69
JULIEN-2013,2013,M,JULIEN,122,0.57
JULIEN-2014,2014,M,JULIEN,128,0.63
JULIEN-2015,2015,M,JULIEN,106,0.54
JULIEN-2016,2016,M,JULIEN,113,0.6
JULIEN-2017,2017,M,JULIEN,85,0.5
JULIEN-2018,2018,M,JULIEN,98,0.6
JUSTIN-1980,1980,M,JUSTIN,103,0.31
JUSTIN-1981,1981,M,JUSTIN,98,0.3
JUSTIN-1982,1982,M,JUSTIN,85,0.27
JUSTIN-1983,1983,M,JUSTIN,82,0.27
JUSTIN-1984,1984,M,JUSTIN,108,0.35
JUSTIN-1985,1985,M,JUSTIN,84,0.28
JUSTIN-1986,1986,M,JUSTIN,92,0.31
JUSTIN-1987,1987,M,JUSTIN,115,0.39
JUSTIN-1988,1988,M,JUSTIN,145,0.48
JUSTIN-1989,1989,M,JUSTIN,124,0.39
JUSTIN-1990,1990,M,JUSTIN,143,0.42
JUSTIN-1991,1991,M,JUSTIN,166,0.49
JUSTIN-1992,1992,M,JUSTIN,165,0.51
JUSTIN-1993,1993,M,JUSTIN,168,0.54
JUSTIN-1994,1994,M,JUSTIN,211,0.68
JUSTIN-1995,1995,M,JUSTIN,223,0.75
JUSTIN-1996,1996,M,JUSTIN,219,0.77
JUSTIN-1997,1997,M,JUSTIN,223,0.85
JUSTIN-1998,1998,M,JUSTIN,178,0.73
JUSTIN-1999,1999,M,JUSTIN,235,0.99
JUSTIN-2000,2000,M,JUSTIN,299,1.3
JUSTIN-2001,2001,M,JUSTIN,485,2.08
JUSTIN-2002,2002,M,JUSTIN,462,2.06
JUSTIN-2003,2003,M,JUSTIN,506,2.26
JUSTIN-2004,2004,M,JUSTIN,465,2.12
JUSTIN-2005,2005,M,JUSTIN,588,2.7
JUSTIN-2006,2006,M,JUSTIN,650,2.81
JUSTIN-2007,2007,M,JUSTIN,591,2.56
JUSTIN-2008,2008,M,JUSTIN,477,2.01
JUSTIN-2009,2009,M,JUSTIN,413,1.75
JUSTIN-2010,2010,M,JUSTIN,472,2.09
JUSTIN-2011,2011,M,JUSTIN,401,1.81
JUSTIN-2012,2012,M,JUSTIN,412,1.86
JUSTIN-2013,2013,M,JUSTIN,300,1.4
JUSTIN-2014,2014,M,JUSTIN,263,1.3
JUSTIN-2015,2015,M,JUSTIN,244,1.24
JUSTIN-2016,2016,M,JUSTIN,198,1.05
JUSTIN-2017,2017,M,JUSTIN,174,1.03
JUSTIN-2018,2018,M,JUSTIN,149,0.92
LAURENT-1980,1980,M,LAURENT,64,0.2
LAURENT-1981,1981,M,LAURENT,59,0.18
LAURENT-1982,1982,M,LAURENT,50,0.16
LAURENT-1983,1983,M,LAURENT,70,0.23
LAURENT-1984,1984,M,LAURENT,66,0.21
LAURENT-1985,1985,M,LAURENT,62,0.2
LAURENT-1986,1986,M,LAURENT,58,0.2
LAURENT-1987,1987,M,LAURENT,79,0.27
LAURENT-1988,1988,M,LAURENT,70,0.23
LAURENT-1989,1989,M,LAURENT,79,0.25
LAURENT-1990,1990,M,LAURENT,94,0.28
LAURENT-1991,1991,M,LAURENT,98,0.29
LAURENT-1992,1992,M,LAURENT,99,0.3
LAURENT-1993,1993,M,LAURENT,112,0.36
LAURENT-1994,1994,M,LAURENT,66,0.21
LAURENT-1995,1995,M,LAURENT,97,0.33
LAURENT-1996,1996,M,LAURENT,104,0.36
LAURENT-1997,1997,M,LAURENT,100,0.38
LAURENT-1998,1998,M,LAURENT,88,0.36
LAURENT-1999,1999,M,LAURENT,97,0.41
LAURENT-2000,2000,M,LAURENT,85,0.37
LAURENT-2001,2001,M,LAURENT,82,0.35
LAURENT-2002,2002,M,LAURENT,82,0.37
LAURENT-2003,2003,M,LAURENT,96,0.43
LAURENT-2004,2004,M,LAURENT,80,0.37
LAURENT-2005,2005,M,LAURENT,105,0.48
LAURENT-2006,2006,M,LAURENT,121,0.52
LAURENT-2007,2007,M,LAURENT,118,0.51
LAURENT-2008,2008,M,LAURENT,144,0.61
LAURENT-2009,2009,M,LAURENT,146,0.62
LAURENT-2010,2010,M,LAURENT,116,0.51
LAURENT-2011,2011,M,LAURENT,112,0.51
LAURENT-2012,2012,M,LAURENT,158,0.71
LAURENT-2013,2013,M,LAURENT,158,0.74
LAURENT-2014,2014,M,LAURENT,177,0.88
LAURENT-2015,2015,M,LAURENT,178,0.9
LAURENT-2016,2016,M,LAURENT,176,0.93
LAURENT-2017,2017,M,LAURENT,181,1.07
LAURENT-2018,2018,M,LAURENT,198,1.22
LEO-1980,1980,M,LEO,6,0.02
LEO-1981,1981,M,LEO,10,0.03
LEO-1982,1982,M,LEO,6,0.02
LEO-1983,1983,M,LEO,6,0.02
LEO-1984,1984,M,LEO,4,0.01
LEO-1985,1985,M,LEO,8,0.03
LEO-1986,1986,M,LEO,5,0.02
LEO-1987,1987,M,LEO,6,0.02
LEO-1988,1988,M,LEO,5,0.02
LEO-1989,1989,M,LEO,5,0.02
LEO-1990,1990,M,LEO,20,0.06
LEO-1991,1991,M,LEO,14,0.04
LEO-1992,1992,M,LEO,18,0.06
LEO-1993,1993,M,LEO,16,0.05
LEO-1994,1994,M,LEO,20,0.06
LEO-1995,1995,M,LEO,20,0.07
LEO-1996,1996,M,LEO,29,0.1
LEO-1997,1997,M,LEO,23,0.09
LEO-1998,1998,M,LEO,46,0.19
LEO-1999,1999,M,LEO,54,0.23
LEO-2000,2000,M,LEO,49,0.21
LEO-2001,2001,M,LEO,56,0.24
LEO-2002,2002,M,LEO,70,0.31
LEO-2003,2003,M,LEO,80,0.36
LEO-2004,2004,M,LEO,112,0.51
LEO-2005,2005,M,LEO,142,0.65
LEO-2006,2006,M,LEO,135,0.58
LEO-2007,2007,M,LEO,164,0.71
LEO-2008,2008,M,LEO,151,0.64
LEO-2009,2009,M,LEO,196,0.83
LEO-2010,2010,M,LEO,208,0.92
LEO-2011,2011,M,LEO,242,1.09
LEO-2012,2012,M,LEO,306,1.38
LEO-2013,2013,M,LEO,394,1.84
LEO-2014,2014,M,LEO,389,1.92
LEO-2015,2015,M,LEO,480,2.43
LEO-2016,2016,M,LEO,518,2.74
LEO-2017,2017,M,LEO,498,2.95
LEO-2018,2018,M,LEO,536,3.3
LIAM-1980,1980,M,LIAM,1,0
LIAM-1981,1981,M,LIAM,0,0
LIAM-1982,1982,M,LIAM,5,0.02
LIAM-1983,1983,M,LIAM,1,0
LIAM-1984,1984,M,LIAM,1,0
LIAM-1985,1985,M,LIAM,1,0
LIAM-1986,1986,M,LIAM,2,0.01
LIAM-1987,1987,M,LIAM,4,0.01
LIAM-1988,1988,M,LIAM,1,0
LIAM-1989,1989,M,LIAM,6,0.02
LIAM-1990,1990,M,LIAM,4,0.01
LIAM-1991,1991,M,LIAM,5,0.01
LIAM-1992,1992,M,LIAM,9,0.03
LIAM-1993,1993,M,LIAM,6,0.02
LIAM-1994,1994,M,LIAM,19,0.06
LIAM-1995,1995,M,LIAM,36,0.12
LIAM-1996,1996,M,LIAM,48,0.17
LIAM-1997,1997,M,LIAM,47,0.18
LIAM-1998,1998,M,LIAM,44,0.18
LIAM-1999,1999,M,LIAM,65,0.27
LIAM-2000,2000,M,LIAM,44,0.19
LIAM-2001,2001,M,LIAM,76,0.33
LIAM-2002,2002,M,LIAM,75,0.33
LIAM-2003,2003,M,LIAM,89,0.4
LIAM-2004,2004,M,LIAM,133,0.61
LIAM-2005,2005,M,LIAM,122,0.56
LIAM-2006,2006,M,LIAM,149,0.64
LIAM-2007,2007,M,LIAM,187,0.81
LIAM-2008,2008,M,LIAM,236,1
LIAM-2009,2009,M,LIAM,306,1.3
LIAM-2010,2010,M,LIAM,320,1.42
LIAM-2011,2011,M,LIAM,374,1.69
LIAM-2012,2012,M,LIAM,542,2.45
LIAM-2013,2013,M,LIAM,702,3.28
LIAM-2014,2014,M,LIAM,712,3.52
LIAM-2015,2015,M,LIAM,669,3.39
LIAM-2016,2016,M,LIAM,666,3.52
LIAM-2017,2017,M,LIAM,634,3.76
LIAM-2018,2018,M,LIAM,629,3.88
LOGAN-1980,1980,M,LOGAN,1,0
LOGAN-1981,1981,M,LOGAN,1,0
LOGAN-1982,1982,M,LOGAN,3,0.01
LOGAN-1983,1983,M,LOGAN,0,0
LOGAN-1984,1984,M,LOGAN,1,0
LOGAN-1985,1985,M,LOGAN,2,0.01
LOGAN-1986,1986,M,LOGAN,1,0
LOGAN-1987,1987,M,LOGAN,5,0.02
LOGAN-1988,1988,M,LOGAN,1,0
LOGAN-1989,1989,M,LOGAN,3,0.01
LOGAN-1990,1990,M,LOGAN,2,0.01
LOGAN-1991,1991,M,LOGAN,7,0.02
LOGAN-1992,1992,M,LOGAN,5,0.02
LOGAN-1993,1993,M,LOGAN,2,0.01
LOGAN-1994,1994,M,LOGAN,6,0.02
LOGAN-1995,1995,M,LOGAN,8,0.03
LOGAN-1996,1996,M,LOGAN,9,0.03
LOGAN-1997,1997,M,LOGAN,17,0.06
LOGAN-1998,1998,M,LOGAN,9,0.04
LOGAN-1999,1999,M,LOGAN,19,0.08
LOGAN-2000,2000,M,LOGAN,15,0.07
LOGAN-2001,2001,M,LOGAN,28,0.12
LOGAN-2002,2002,M,LOGAN,35,0.16
LOGAN-2003,2003,M,LOGAN,60,0.27
LOGAN-2004,2004,M,LOGAN,57,0.26
LOGAN-2005,2005,M,LOGAN,66,0.3
LOGAN-2006,2006,M,LOGAN,85,0.37
LOGAN-2007,2007,M,LOGAN,133,0.58
LOGAN-2008,2008,M,LOGAN,116,0.49
LOGAN-2009,2009,M,LOGAN,178,0.76
LOGAN-2010,2010,M,LOGAN,213,0.94
LOGAN-2011,2011,M,LOGAN,295,1.33
LOGAN-2012,2012,M,LOGAN,342,1.54
LOGAN-2013,2013,M,LOGAN,522,2.44
LOGAN-2014,2014,M,LOGAN,604,2.99
LOGAN-2015,2015,M,LOGAN,588,2.98
LOGAN-2016,2016,M,LOGAN,584,3.08
LOGAN-2017,2017,M,LOGAN,675,4
LOGAN-2018,2018,M,LOGAN,636,3.92
LOIC-1980,1980,M,LOIC,5,0.02
LOIC-1981,1981,M,LOIC,11,0.03
LOIC-1982,1982,M,LOIC,12,0.04
LOIC-1983,1983,M,LOIC,16,0.05
LOIC-1984,1984,M,LOIC,13,0.04
LOIC-1985,1985,M,LOIC,12,0.04
LOIC-1986,1986,M,LOIC,7,0.02
LOIC-1987,1987,M,LOIC,14,0.05
LOIC-1988,1988,M,LOIC,11,0.04
LOIC-1989,1989,M,LOIC,24,0.07
LOIC-1990,1990,M,LOIC,24,0.07
LOIC-1991,1991,M,LOIC,20,0.06
LOIC-1992,1992,M,LOIC,35,0.11
LOIC-1993,1993,M,LOIC,45,0.14
LOIC-1994,1994,M,LOIC,45,0.15
LOIC-1995,1995,M,LOIC,31,0.1
LOIC-1996,1996,M,LOIC,48,0.17
LOIC-1997,1997,M,LOIC,44,0.17
LOIC-1998,1998,M,LOIC,48,0.2
LOIC-1999,1999,M,LOIC,66,0.28
LOIC-2000,2000,M,LOIC,92,0.4
LOIC-2001,2001,M,LOIC,104,0.45
LOIC-2002,2002,M,LOIC,145,0.65
LOIC-2003,2003,M,LOIC,190,0.85
LOIC-2004,2004,M,LOIC,206,0.94
LOIC-2005,2005,M,LOIC,239,1.1
LOIC-2006,2006,M,LOIC,273,1.18
LOIC-2007,2007,M,LOIC,314,1.36
LOIC-2008,2008,M,LOIC,346,1.46
LOIC-2009,2009,M,LOIC,377,1.6
LOIC-2010,2010,M,LOIC,357,1.58
LOIC-2011,2011,M,LOIC,330,1.49
LOIC-2012,2012,M,LOIC,333,1.5
LOIC-2013,2013,M,LOIC,308,1.44
LOIC-2014,2014,M,LOIC,311,1.54
LOIC-2015,2015,M,LOIC,240,1.22
LOIC-2016,2016,M,LOIC,215,1.14
LOIC-2017,2017,M,LOIC,230,1.36
LOIC-2018,2018,M,LOIC,183,1.13
LOUIS-1980,1980,M,LOUIS,169,0.52
LOUIS-1981,1981,M,LOUIS,150,0.46
LOUIS-1982,1982,M,LOUIS,182,0.59
LOUIS-1983,1983,M,LOUIS,142,0.46
LOUIS-1984,1984,M,LOUIS,146,0.47
LOUIS-1985,1985,M,LOUIS,116,0.38
LOUIS-1986,1986,M,LOUIS,121,0.41
LOUIS-1987,1987,M,LOUIS,90,0.31
LOUIS-1988,1988,M,LOUIS,93,0.31
LOUIS-1989,1989,M,LOUIS,100,0.31
LOUIS-1990,1990,M,LOUIS,108,0.32
LOUIS-1991,1991,M,LOUIS,108,0.32
LOUIS-1992,1992,M,LOUIS,116,0.36
LOUIS-1993,1993,M,LOUIS,115,0.37
LOUIS-1994,1994,M,LOUIS,114,0.37
LOUIS-1995,1995,M,LOUIS,93,0.31
LOUIS-1996,1996,M,LOUIS,123,0.43
LOUIS-1997,1997,M,LOUIS,139,0.53
LOUIS-1998,1998,M,LOUIS,119,0.49
LOUIS-1999,1999,M,LOUIS,134,0.57
LOUIS-2000,2000,M,LOUIS,117,0.51
LOUIS-2001,2001,M,LOUIS,110,0.47
LOUIS-2002,2002,M,LOUIS,111,0.49
LOUIS-2003,2003,M,LOUIS,130,0.58
LOUIS-2004,2004,M,LOUIS,136,0.62
LOUIS-2005,2005,M,LOUIS,142,0.65
LOUIS-2006,2006,M,LOUIS,184,0.8
LOUIS-2007,2007,M,LOUIS,177,0.77
LOUIS-2008,2008,M,LOUIS,196,0.83
LOUIS-2009,2009,M,LOUIS,192,0.82
LOUIS-2010,2010,M,LOUIS,210,0.93
LOUIS-2011,2011,M,LOUIS,220,0.99
LOUIS-2012,2012,M,LOUIS,231,1.04
LOUIS-2013,2013,M,LOUIS,291,1.36
LOUIS-2014,2014,M,LOUIS,314,1.55
LOUIS-2015,2015,M,LOUIS,291,1.48
LOUIS-2016,2016,M,LOUIS,317,1.67
LOUIS-2017,2017,M,LOUIS,307,1.82
LOUIS-2018,2018,M,LOUIS,331,2.04
LUCAS-1980,1980,M,LUCAS,8,0.02
LUCAS-1981,1981,M,LUCAS,11,0.03
LUCAS-1982,1982,M,LUCAS,20,0.06
LUCAS-1983,1983,M,LUCAS,18,0.06
LUCAS-1984,1984,M,LUCAS,11,0.04
LUCAS-1985,1985,M,LUCAS,9,0.03
LUCAS-1986,1986,M,LUCAS,15,0.05
LUCAS-1987,1987,M,LUCAS,9,0.03
LUCAS-1988,1988,M,LUCAS,21,0.07
LUCAS-1989,1989,M,LUCAS,31,0.1
LUCAS-1990,1990,M,LUCAS,60,0.18
LUCAS-1991,1991,M,LUCAS,49,0.14
LUCAS-1992,1992,M,LUCAS,53,0.16
LUCAS-1993,1993,M,LUCAS,56,0.18
LUCAS-1994,1994,M,LUCAS,46,0.15
LUCAS-1995,1995,M,LUCAS,70,0.24
LUCAS-1996,1996,M,LUCAS,68,0.24
LUCAS-1997,1997,M,LUCAS,66,0.25
LUCAS-1998,1998,M,LUCAS,55,0.23
LUCAS-1999,1999,M,LUCAS,76,0.32
LUCAS-2000,2000,M,LUCAS,101,0.44
LUCAS-2001,2001,M,LUCAS,100,0.43
LUCAS-2002,2002,M,LUCAS,131,0.58
LUCAS-2003,2003,M,LUCAS,127,0.57
LUCAS-2004,2004,M,LUCAS,171,0.78
LUCAS-2005,2005,M,LUCAS,203,0.93
LUCAS-2006,2006,M,LUCAS,240,1.04
LUCAS-2007,2007,M,LUCAS,331,1.43
LUCAS-2008,2008,M,LUCAS,383,1.62
LUCAS-2009,2009,M,LUCAS,377,1.6
LUCAS-2010,2010,M,LUCAS,414,1.83
LUCAS-2011,2011,M,LUCAS,376,1.7
LUCAS-2012,2012,M,LUCAS,391,1.77
LUCAS-2013,2013,M,LUCAS,318,1.49
LUCAS-2014,2014,M,LUCAS,308,1.52
LUCAS-2015,2015,M,LUCAS,263,1.33
LUCAS-2016,2016,M,LUCAS,325,1.72
LUCAS-2017,2017,M,LUCAS,288,1.71
LUCAS-2018,2018,M,LUCAS,298,1.84
MATHIEU-1980,1980,M,MATHIEU,1270,3.87
MATHIEU-1981,1981,M,MATHIEU,1364,4.16
MATHIEU-1982,1982,M,MATHIEU,1317,4.25
MATHIEU-1983,1983,M,MATHIEU,1203,3.9
MATHIEU-1984,1984,M,MATHIEU,1540,4.99
MATHIEU-1985,1985,M,MATHIEU,1468,4.85
MATHIEU-1986,1986,M,MATHIEU,1537,5.24
MATHIEU-1987,1987,M,MATHIEU,1395,4.79
MATHIEU-1988,1988,M,MATHIEU,1427,4.74
MATHIEU-1989,1989,M,MATHIEU,1393,4.35
MATHIEU-1990,1990,M,MATHIEU,1482,4.36
MATHIEU-1991,1991,M,MATHIEU,1276,3.77
MATHIEU-1992,1992,M,MATHIEU,1107,3.4
MATHIEU-1993,1993,M,MATHIEU,1046,3.33
MATHIEU-1994,1994,M,MATHIEU,983,3.19
MATHIEU-1995,1995,M,MATHIEU,858,2.89
MATHIEU-1996,1996,M,MATHIEU,816,2.86
MATHIEU-1997,1997,M,MATHIEU,687,2.62
MATHIEU-1998,1998,M,MATHIEU,595,2.44
MATHIEU-1999,1999,M,MATHIEU,570,2.4
MATHIEU-2000,2000,M,MATHIEU,497,2.17
MATHIEU-2001,2001,M,MATHIEU,506,2.17
MATHIEU-2002,2002,M,MATHIEU,438,1.95
MATHIEU-2003,2003,M,MATHIEU,422,1.89
MATHIEU-2004,2004,M,MATHIEU,368,1.68
MATHIEU-2005,2005,M,MATHIEU,322,1.48
MATHIEU-2006,2006,M,MATHIEU,288,1.25
MATHIEU-2007,2007,M,MATHIEU,267,1.16
MATHIEU-2008,2008,M,MATHIEU,233,0.98
MATHIEU-2009,2009,M,MATHIEU,190,0.81
MATHIEU-2010,2010,M,MATHIEU,185,0.82
MATHIEU-2011,2011,M,MATHIEU,124,0.56
MATHIEU-2012,2012,M,MATHIEU,160,0.72
MATHIEU-2013,2013,M,MATHIEU,104,0.49
MATHIEU-2014,2014,M,MATHIEU,95,0.47
MATHIEU-2015,2015,M,MATHIEU,88,0.45
MATHIEU-2016,2016,M,MATHIEU,65,0.34
MATHIEU-2017,2017,M,MATHIEU,50,0.3
MATHIEU-2018,2018,M,MATHIEU,32,0.2
MATHIS-1980,1980,M,MATHIS,0,0
MATHIS-1981,1981,M,MATHIS,0,0
MATHIS-1982,1982,M,MATHIS,0,0
MATHIS-1983,1983,M,MATHIS,0,0
MATHIS-1984,1984,M,MATHIS,0,0
MATHIS-1985,1985,M,MATHIS,0,0
MATHIS-1986,1986,M,MATHIS,0,0
MATHIS-1987,1987,M,MATHIS,0,0
MATHIS-1988,1988,M,MATHIS,0,0
MATHIS-1989,1989,M,MATHIS,0,0
MATHIS-1990,1990,M,MATHIS,0,0
MATHIS-1991,1991,M,MATHIS,0,0
MATHIS-1992,1992,M,MATHIS,0,0
MATHIS-1993,1993,M,MATHIS,2,0.01
MATHIS-1994,1994,M,MATHIS,2,0.01
MATHIS-1995,1995,M,MATHIS,5,0.02
MATHIS-1996,1996,M,MATHIS,1,0
MATHIS-1997,1997,M,MATHIS,8,0.03
MATHIS-1998,1998,M,MATHIS,4,0.02
MATHIS-1999,1999,M,MATHIS,11,0.05
MATHIS-2000,2000,M,MATHIS,31,0.14
MATHIS-2001,2001,M,MATHIS,91,0.39
MATHIS-2002,2002,M,MATHIS,464,2.07
MATHIS-2003,2003,M,MATHIS,607,2.71
MATHIS-2004,2004,M,MATHIS,563,2.57
MATHIS-2005,2005,M,MATHIS,537,2.47
MATHIS-2006,2006,M,MATHIS,551,2.38
MATHIS-2007,2007,M,MATHIS,542,2.35
MATHIS-2008,2008,M,MATHIS,559,2.36
MATHIS-2009,2009,M,MATHIS,493,2.09
MATHIS-2010,2010,M,MATHIS,454,2.01
MATHIS-2011,2011,M,MATHIS,454,2.05
MATHIS-2012,2012,M,MATHIS,420,1.9
MATHIS-2013,2013,M,MATHIS,380,1.78
MATHIS-2014,2014,M,MATHIS,343,1.7
MATHIS-2015,2015,M,MATHIS,325,1.65
MATHIS-2016,2016,M,MATHIS,315,1.66
MATHIS-2017,2017,M,MATHIS,216,1.28
MATHIS-2018,2018,M,MATHIS,197,1.21
MAXIM-1980,1980,M,MAXIM,33,0.1
MAXIM-1981,1981,M,MAXIM,38,0.12
MAXIM-1982,1982,M,MAXIM,46,0.15
MAXIM-1983,1983,M,MAXIM,62,0.2
MAXIM-1984,1984,M,MAXIM,61,0.2
MAXIM-1985,1985,M,MAXIM,70,0.23
MAXIM-1986,1986,M,MAXIM,85,0.29
MAXIM-1987,1987,M,MAXIM,89,0.31
MAXIM-1988,1988,M,MAXIM,115,0.38
MAXIM-1989,1989,M,MAXIM,84,0.26
MAXIM-1990,1990,M,MAXIM,128,0.38
MAXIM-1991,1991,M,MAXIM,108,0.32
MAXIM-1992,1992,M,MAXIM,67,0.21
MAXIM-1993,1993,M,MAXIM,81,0.26
MAXIM-1994,1994,M,MAXIM,77,0.25
MAXIM-1995,1995,M,MAXIM,91,0.31
MAXIM-1996,1996,M,MAXIM,82,0.29
MAXIM-1997,1997,M,MAXIM,73,0.28
MAXIM-1998,1998,M,MAXIM,88,0.36
MAXIM-1999,1999,M,MAXIM,97,0.41
MAXIM-2000,2000,M,MAXIM,95,0.41
MAXIM-2001,2001,M,MAXIM,95,0.41
MAXIM-2002,2002,M,MAXIM,113,0.5
MAXIM-2003,2003,M,MAXIM,129,0.58
MAXIM-2004,2004,M,MAXIM,105,0.48
MAXIM-2005,2005,M,MAXIM,113,0.52
MAXIM-2006,2006,M,MAXIM,110,0.48
MAXIM-2007,2007,M,MAXIM,136,0.59
MAXIM-2008,2008,M,MAXIM,147,0.62
MAXIM-2009,2009,M,MAXIM,154,0.65
MAXIM-2010,2010,M,MAXIM,158,0.7
MAXIM-2011,2011,M,MAXIM,115,0.52
MAXIM-2012,2012,M,MAXIM,88,0.4
MAXIM-2013,2013,M,MAXIM,83,0.39
MAXIM-2014,2014,M,MAXIM,72,0.36
MAXIM-2015,2015,M,MAXIM,52,0.26
MAXIM-2016,2016,M,MAXIM,45,0.24
MAXIM-2017,2017,M,MAXIM,35,0.21
MAXIM-2018,2018,M,MAXIM,38,0.23
MAXIME-1980,1980,M,MAXIME,507,1.55
MAXIME-1981,1981,M,MAXIME,559,1.71
MAXIME-1982,1982,M,MAXIME,649,2.09
MAXIME-1983,1983,M,MAXIME,993,3.22
MAXIME-1984,1984,M,MAXIME,1182,3.83
MAXIME-1985,1985,M,MAXIME,1347,4.45
MAXIME-1986,1986,M,MAXIME,1384,4.72
MAXIME-1987,1987,M,MAXIME,1443,4.95
MAXIME-1988,1988,M,MAXIME,1646,5.46
MAXIME-1989,1989,M,MAXIME,1985,6.19
MAXIME-1990,1990,M,MAXIME,2088,6.14
MAXIME-1991,1991,M,MAXIME,1891,5.59
MAXIME-1992,1992,M,MAXIME,1609,4.95
MAXIME-1993,1993,M,MAXIME,1422,4.53
MAXIME-1994,1994,M,MAXIME,1363,4.42
MAXIME-1995,1995,M,MAXIME,1129,3.8
MAXIME-1996,1996,M,MAXIME,1060,3.71
MAXIME-1997,1997,M,MAXIME,895,3.42
MAXIME-1998,1998,M,MAXIME,759,3.11
MAXIME-1999,1999,M,MAXIME,635,2.68
MAXIME-2000,2000,M,MAXIME,549,2.39
MAXIME-2001,2001,M,MAXIME,496,2.12
MAXIME-2002,2002,M,MAXIME,452,2.02
MAXIME-2003,2003,M,MAXIME,405,1.81
MAXIME-2004,2004,M,MAXIME,352,1.61
MAXIME-2005,2005,M,MAXIME,344,1.58
MAXIME-2006,2006,M,MAXIME,365,1.58
MAXIME-2007,2007,M,MAXIME,334,1.45
MAXIME-2008,2008,M,MAXIME,359,1.52
MAXIME-2009,2009,M,MAXIME,314,1.33
MAXIME-2010,2010,M,MAXIME,298,1.32
MAXIME-2011,2011,M,MAXIME,236,1.07
MAXIME-2012,2012,M,MAXIME,219,0.99
MAXIME-2013,2013,M,MAXIME,176,0.82
MAXIME-2014,2014,M,MAXIME,159,0.79
MAXIME-2015,2015,M,MAXIME,154,0.78
MAXIME-2016,2016,M,MAXIME,133,0.7
MAXIME-2017,2017,M,MAXIME,88,0.52
MAXIME-2018,2018,M,MAXIME,68,0.42
MICHAEL-1980,1980,M,MICHAEL,491,1.5
MICHAEL-1981,1981,M,MICHAEL,475,1.45
MICHAEL-1982,1982,M,MICHAEL,582,1.88
MICHAEL-1983,1983,M,MICHAEL,726,2.35
MICHAEL-1984,1984,M,MICHAEL,680,2.2
MICHAEL-1985,1985,M,MICHAEL,682,2.25
MICHAEL-1986,1986,M,MICHAEL,898,3.06
MICHAEL-1987,1987,M,MICHAEL,974,3.34
MICHAEL-1988,1988,M,MICHAEL,937,3.11
MICHAEL-1989,1989,M,MICHAEL,930,2.9
MICHAEL-1990,1990,M,MICHAEL,926,2.72
MICHAEL-1991,1991,M,MICHAEL,985,2.91
MICHAEL-1992,1992,M,MICHAEL,903,2.78
MICHAEL-1993,1993,M,MICHAEL,778,2.48
MICHAEL-1994,1994,M,MICHAEL,784,2.54
MICHAEL-1995,1995,M,MICHAEL,704,2.37
MICHAEL-1996,1996,M,MICHAEL,607,2.13
MICHAEL-1997,1997,M,MICHAEL,506,1.93
MICHAEL-1998,1998,M,MICHAEL,470,1.93
MICHAEL-1999,1999,M,MICHAEL,374,1.58
MICHAEL-2000,2000,M,MICHAEL,330,1.44
MICHAEL-2001,2001,M,MICHAEL,320,1.37
MICHAEL-2002,2002,M,MICHAEL,260,1.16
MICHAEL-2003,2003,M,MICHAEL,243,1.09
MICHAEL-2004,2004,M,MICHAEL,205,0.94
MICHAEL-2005,2005,M,MICHAEL,197,0.91
MICHAEL-2006,2006,M,MICHAEL,173,0.75
MICHAEL-2007,2007,M,MICHAEL,147,0.64
MICHAEL-2008,2008,M,MICHAEL,167,0.71
MICHAEL-2009,2009,M,MICHAEL,160,0.68
MICHAEL-2010,2010,M,MICHAEL,146,0.65
MICHAEL-2011,2011,M,MICHAEL,136,0.61
MICHAEL-2012,2012,M,MICHAEL,133,0.6
MICHAEL-2013,2013,M,MICHAEL,127,0.59
MICHAEL-2014,2014,M,MICHAEL,131,0.65
MICHAEL-2015,2015,M,MICHAEL,109,0.55
MICHAEL-2016,2016,M,MICHAEL,94,0.5
MICHAEL-2017,2017,M,MICHAEL,84,0.5
MICHAEL-2018,2018,M,MICHAEL,75,0.46
MIKAEL-1980,1980,M,MIKAEL,30,0.09
MIKAEL-1981,1981,M,MIKAEL,13,0.04
MIKAEL-1982,1982,M,MIKAEL,36,0.12
MIKAEL-1983,1983,M,MIKAEL,31,0.1
MIKAEL-1984,1984,M,MIKAEL,48,0.16
MIKAEL-1985,1985,M,MIKAEL,49,0.16
MIKAEL-1986,1986,M,MIKAEL,68,0.23
MIKAEL-1987,1987,M,MIKAEL,86,0.3
MIKAEL-1988,1988,M,MIKAEL,90,0.3
MIKAEL-1989,1989,M,MIKAEL,100,0.31
MIKAEL-1990,1990,M,MIKAEL,121,0.36
MIKAEL-1991,1991,M,MIKAEL,145,0.43
MIKAEL-1992,1992,M,MIKAEL,140,0.43
MIKAEL-1993,1993,M,MIKAEL,120,0.38
MIKAEL-1994,1994,M,MIKAEL,124,0.4
MIKAEL-1995,1995,M,MIKAEL,121,0.41
MIKAEL-1996,1996,M,MIKAEL,139,0.49
MIKAEL-1997,1997,M,MIKAEL,116,0.44
MIKAEL-1998,1998,M,MIKAEL,136,0.56
MIKAEL-1999,1999,M,MIKAEL,125,0.53
MIKAEL-2000,2000,M,MIKAEL,117,0.51
MIKAEL-2001,2001,M,MIKAEL,114,0.49
MIKAEL-2002,2002,M,MIKAEL,88,0.39
MIKAEL-2003,2003,M,MIKAEL,101,0.45
MIKAEL-2004,2004,M,MIKAEL,196,0.9
MIKAEL-2005,2005,M,MIKAEL,127,0.58
MIKAEL-2006,2006,M,MIKAEL,121,0.52
MIKAEL-2007,2007,M,MIKAEL,113,0.49
MIKAEL-2008,2008,M,MIKAEL,133,0.56
MIKAEL-2009,2009,M,MIKAEL,137,0.58
MIKAEL-2010,2010,M,MIKAEL,161,0.71
MIKAEL-2011,2011,M,MIKAEL,167,0.75
MIKAEL-2012,2012,M,MIKAEL,131,0.59
MIKAEL-2013,2013,M,MIKAEL,92,0.43
MIKAEL-2014,2014,M,MIKAEL,82,0.41
MIKAEL-2015,2015,M,MIKAEL,78,0.4
MIKAEL-2016,2016,M,MIKAEL,81,0.43
MIKAEL-2017,2017,M,MIKAEL,48,0.28
MIKAEL-2018,2018,M,MIKAEL,52,0.32
NATHAN-1980,1980,M,NATHAN,12,0.04
NATHAN-1981,1981,M,NATHAN,11,0.03
NATHAN-1982,1982,M,NATHAN,15,0.05
NATHAN-1983,1983,M,NATHAN,16,0.05
NATHAN-1984,1984,M,NATHAN,16,0.05
NATHAN-1985,1985,M,NATHAN,18,0.06
NATHAN-1986,1986,M,NATHAN,16,0.05
NATHAN-1987,1987,M,NATHAN,25,0.09
NATHAN-1988,1988,M,NATHAN,19,0.06
NATHAN-1989,1989,M,NATHAN,31,0.1
NATHAN-1990,1990,M,NATHAN,31,0.09
NATHAN-1991,1991,M,NATHAN,42,0.12
NATHAN-1992,1992,M,NATHAN,40,0.12
NATHAN-1993,1993,M,NATHAN,46,0.15
NATHAN-1994,1994,M,NATHAN,59,0.19
NATHAN-1995,1995,M,NATHAN,104,0.35
NATHAN-1996,1996,M,NATHAN,120,0.42
NATHAN-1997,1997,M,NATHAN,105,0.4
NATHAN-1998,1998,M,NATHAN,129,0.53
NATHAN-1999,1999,M,NATHAN,163,0.69
NATHAN-2000,2000,M,NATHAN,195,0.85
NATHAN-2001,2001,M,NATHAN,275,1.18
NATHAN-2002,2002,M,NATHAN,379,1.69
NATHAN-2003,2003,M,NATHAN,476,2.13
NATHAN-2004,2004,M,NATHAN,549,2.51
NATHAN-2005,2005,M,NATHAN,626,2.88
NATHAN-2006,2006,M,NATHAN,700,3.03
NATHAN-2007,2007,M,NATHAN,785,3.4
NATHAN-2008,2008,M,NATHAN,743,3.14
NATHAN-2009,2009,M,NATHAN,798,3.39
NATHAN-2010,2010,M,NATHAN,779,3.45
NATHAN-2011,2011,M,NATHAN,802,3.62
NATHAN-2012,2012,M,NATHAN,873,3.94
NATHAN-2013,2013,M,NATHAN,792,3.7
NATHAN-2014,2014,M,NATHAN,694,3.43
NATHAN-2015,2015,M,NATHAN,643,3.26
NATHAN-2016,2016,M,NATHAN,621,3.28
NATHAN-2017,2017,M,NATHAN,499,2.96
NATHAN-2018,2018,M,NATHAN,483,2.98
NICOLAS-1980,1980,M,NICOLAS,542,1.65
NICOLAS-1981,1981,M,NICOLAS,613,1.87
NICOLAS-1982,1982,M,NICOLAS,845,2.73
NICOLAS-1983,1983,M,NICOLAS,795,2.58
NICOLAS-1984,1984,M,NICOLAS,803,2.6
NICOLAS-1985,1985,M,NICOLAS,643,2.12
NICOLAS-1986,1986,M,NICOLAS,545,1.86
NICOLAS-1987,1987,M,NICOLAS,519,1.78
NICOLAS-1988,1988,M,NICOLAS,662,2.2
NICOLAS-1989,1989,M,NICOLAS,777,2.42
NICOLAS-1990,1990,M,NICOLAS,779,2.29
NICOLAS-1991,1991,M,NICOLAS,707,2.09
NICOLAS-1992,1992,M,NICOLAS,774,2.38
NICOLAS-1993,1993,M,NICOLAS,807,2.57
NICOLAS-1994,1994,M,NICOLAS,749,2.43
NICOLAS-1995,1995,M,NICOLAS,803,2.71
NICOLAS-1996,1996,M,NICOLAS,797,2.79
NICOLAS-1997,1997,M,NICOLAS,750,2.87
NICOLAS-1998,1998,M,NICOLAS,770,3.15
NICOLAS-1999,1999,M,NICOLAS,742,3.13
NICOLAS-2000,2000,M,NICOLAS,686,2.99
NICOLAS-2001,2001,M,NICOLAS,635,2.72
NICOLAS-2002,2002,M,NICOLAS,545,2.43
NICOLAS-2003,2003,M,NICOLAS,531,2.37
NICOLAS-2004,2004,M,NICOLAS,504,2.3
NICOLAS-2005,2005,M,NICOLAS,454,2.09
NICOLAS-2006,2006,M,NICOLAS,447,1.93
NICOLAS-2007,2007,M,NICOLAS,426,1.84
NICOLAS-2008,2008,M,NICOLAS,430,1.82
NICOLAS-2009,2009,M,NICOLAS,393,1.67
NICOLAS-2010,2010,M,NICOLAS,362,1.6
NICOLAS-2011,2011,M,NICOLAS,315,1.42
NICOLAS-2012,2012,M,NICOLAS,317,1.43
NICOLAS-2013,2013,M,NICOLAS,295,1.38
NICOLAS-2014,2014,M,NICOLAS,266,1.32
NICOLAS-2015,2015,M,NICOLAS,219,1.11
NICOLAS-2016,2016,M,NICOLAS,173,0.91
NICOLAS-2017,2017,M,NICOLAS,142,0.84
NICOLAS-2018,2018,M,NICOLAS,131,0.81
NOAH-1980,1980,M,NOAH,3,0.01
NOAH-1981,1981,M,NOAH,6,0.02
NOAH-1982,1982,M,NOAH,6,0.02
NOAH-1983,1983,M,NOAH,6,0.02
NOAH-1984,1984,M,NOAH,2,0.01
NOAH-1985,1985,M,NOAH,4,0.01
NOAH-1986,1986,M,NOAH,2,0.01
NOAH-1987,1987,M,NOAH,2,0.01
NOAH-1988,1988,M,NOAH,7,0.02
NOAH-1989,1989,M,NOAH,2,0.01
NOAH-1990,1990,M,NOAH,5,0.01
NOAH-1991,1991,M,NOAH,3,0.01
NOAH-1992,1992,M,NOAH,7,0.02
NOAH-1993,1993,M,NOAH,7,0.02
NOAH-1994,1994,M,NOAH,11,0.04
NOAH-1995,1995,M,NOAH,17,0.06
NOAH-1996,1996,M,NOAH,36,0.13
NOAH-1997,1997,M,NOAH,38,0.15
NOAH-1998,1998,M,NOAH,48,0.2
NOAH-1999,1999,M,NOAH,54,0.23
NOAH-2000,2000,M,NOAH,81,0.35
NOAH-2001,2001,M,NOAH,70,0.3
NOAH-2002,2002,M,NOAH,94,0.42
NOAH-2003,2003,M,NOAH,115,0.51
NOAH-2004,2004,M,NOAH,131,0.6
NOAH-2005,2005,M,NOAH,234,1.08
NOAH-2006,2006,M,NOAH,348,1.51
NOAH-2007,2007,M,NOAH,430,1.86
NOAH-2008,2008,M,NOAH,427,1.8
NOAH-2009,2009,M,NOAH,431,1.83
NOAH-2010,2010,M,NOAH,435,1.93
NOAH-2011,2011,M,NOAH,422,1.9
NOAH-2012,2012,M,NOAH,475,2.15
NOAH-2013,2013,M,NOAH,480,2.24
NOAH-2014,2014,M,NOAH,473,2.34
NOAH-2015,2015,M,NOAH,551,2.79
NOAH-2016,2016,M,NOAH,606,3.2
NOAH-2017,2017,M,NOAH,578,3.43
NOAH-2018,2018,M,NOAH,568,3.5
OLIVIER-1980,1980,M,OLIVIER,499,1.52
OLIVIER-1981,1981,M,OLIVIER,546,1.67
OLIVIER-1982,1982,M,OLIVIER,572,1.84
OLIVIER-1983,1983,M,OLIVIER,533,1.73
OLIVIER-1984,1984,M,OLIVIER,517,1.67
OLIVIER-1985,1985,M,OLIVIER,443,1.46
OLIVIER-1986,1986,M,OLIVIER,428,1.46
OLIVIER-1987,1987,M,OLIVIER,540,1.85
OLIVIER-1988,1988,M,OLIVIER,676,2.24
OLIVIER-1989,1989,M,OLIVIER,734,2.29
OLIVIER-1990,1990,M,OLIVIER,849,2.5
OLIVIER-1991,1991,M,OLIVIER,828,2.45
OLIVIER-1992,1992,M,OLIVIER,833,2.56
OLIVIER-1993,1993,M,OLIVIER,730,2.33
OLIVIER-1994,1994,M,OLIVIER,777,2.52
OLIVIER-1995,1995,M,OLIVIER,707,2.38
OLIVIER-1996,1996,M,OLIVIER,820,2.87
OLIVIER-1997,1997,M,OLIVIER,797,3.04
OLIVIER-1998,1998,M,OLIVIER,692,2.83
OLIVIER-1999,1999,M,OLIVIER,713,3.01
OLIVIER-2000,2000,M,OLIVIER,728,3.17
OLIVIER-2001,2001,M,OLIVIER,734,3.14
OLIVIER-2002,2002,M,OLIVIER,706,3.15
OLIVIER-2003,2003,M,OLIVIER,619,2.77
OLIVIER-2004,2004,M,OLIVIER,586,2.68
OLIVIER-2005,2005,M,OLIVIER,625,2.87
OLIVIER-2006,2006,M,OLIVIER,639,2.77
OLIVIER-2007,2007,M,OLIVIER,711,3.08
OLIVIER-2008,2008,M,OLIVIER,748,3.16
OLIVIER-2009,2009,M,OLIVIER,857,3.64
OLIVIER-2010,2010,M,OLIVIER,794,3.51
OLIVIER-2011,2011,M,OLIVIER,790,3.57
OLIVIER-2012,2012,M,OLIVIER,812,3.67
OLIVIER-2013,2013,M,OLIVIER,707,3.3
OLIVIER-2014,2014,M,OLIVIER,588,2.91
OLIVIER-2015,2015,M,OLIVIER,541,2.74
OLIVIER-2016,2016,M,OLIVIER,509,2.69
OLIVIER-2017,2017,M,OLIVIER,418,2.48
OLIVIER-2018,2018,M,OLIVIER,372,2.29
PHILIPPE-1980,1980,M,PHILIPPE,763,2.33
PHILIPPE-1981,1981,M,PHILIPPE,821,2.51
PHILIPPE-1982,1982,M,PHILIPPE,818,2.64
PHILIPPE-1983,1983,M,PHILIPPE,755,2.45
PHILIPPE-1984,1984,M,PHILIPPE,726,2.35
PHILIPPE-1985,1985,M,PHILIPPE,630,2.08
PHILIPPE-1986,1986,M,PHILIPPE,634,2.16
PHILIPPE-1987,1987,M,PHILIPPE,549,1.88
PHILIPPE-1988,1988,M,PHILIPPE,583,1.94
PHILIPPE-1989,1989,M,PHILIPPE,689,2.15
PHILIPPE-1990,1990,M,PHILIPPE,709,2.08
PHILIPPE-1991,1991,M,PHILIPPE,671,1.99
PHILIPPE-1992,1992,M,PHILIPPE,658,2.02
PHILIPPE-1993,1993,M,PHILIPPE,705,2.25
PHILIPPE-1994,1994,M,PHILIPPE,721,2.34
PHILIPPE-1995,1995,M,PHILIPPE,629,2.12
PHILIPPE-1996,1996,M,PHILIPPE,544,1.91
PHILIPPE-1997,1997,M,PHILIPPE,499,1.91
PHILIPPE-1998,1998,M,PHILIPPE,441,1.81
PHILIPPE-1999,1999,M,PHILIPPE,430,1.81
PHILIPPE-2000,2000,M,PHILIPPE,357,1.56
PHILIPPE-2001,2001,M,PHILIPPE,372,1.59
PHILIPPE-2002,2002,M,PHILIPPE,279,1.24
PHILIPPE-2003,2003,M,PHILIPPE,299,1.34
PHILIPPE-2004,2004,M,PHILIPPE,263,1.2
PHILIPPE-2005,2005,M,PHILIPPE,235,1.08
PHILIPPE-2006,2006,M,PHILIPPE,227,0.98
PHILIPPE-2007,2007,M,PHILIPPE,240,1.04
PHILIPPE-2008,2008,M,PHILIPPE,219,0.92
PHILIPPE-2009,2009,M,PHILIPPE,192,0.82
PHILIPPE-2010,2010,M,PHILIPPE,196,0.87
PHILIPPE-2011,2011,M,PHILIPPE,169,0.76
PHILIPPE-2012,2012,M,PHILIPPE,193,0.87
PHILIPPE-2013,2013,M,PHILIPPE,192,0.9
PHILIPPE-2014,2014,M,PHILIPPE,187,0.92
PHILIPPE-2015,2015,M,PHILIPPE,162,0.82
PHILIPPE-2016,2016,M,PHILIPPE,142,0.75
PHILIPPE-2017,2017,M,PHILIPPE,144,0.85
PHILIPPE-2018,2018,M,PHILIPPE,128,0.79
RAPHAEL-1980,1980,M,RAPHAEL,71,0.22
RAPHAEL-1981,1981,M,RAPHAEL,78,0.24
RAPHAEL-1982,1982,M,RAPHAEL,89,0.29
RAPHAEL-1983,1983,M,RAPHAEL,117,0.38
RAPHAEL-1984,1984,M,RAPHAEL,118,0.38
RAPHAEL-1985,1985,M,RAPHAEL,114,0.38
RAPHAEL-1986,1986,M,RAPHAEL,144,0.49
RAPHAEL-1987,1987,M,RAPHAEL,155,0.53
RAPHAEL-1988,1988,M,RAPHAEL,163,0.54
RAPHAEL-1989,1989,M,RAPHAEL,200,0.62
RAPHAEL-1990,1990,M,RAPHAEL,245,0.72
RAPHAEL-1991,1991,M,RAPHAEL,269,0.8
RAPHAEL-1992,1992,M,RAPHAEL,279,0.86
RAPHAEL-1993,1993,M,RAPHAEL,291,0.93
RAPHAEL-1994,1994,M,RAPHAEL,349,1.13
RAPHAEL-1995,1995,M,RAPHAEL,386,1.3
RAPHAEL-1996,1996,M,RAPHAEL,351,1.23
RAPHAEL-1997,1997,M,RAPHAEL,317,1.21
RAPHAEL-1998,1998,M,RAPHAEL,404,1.65
RAPHAEL-1999,1999,M,RAPHAEL,365,1.54
RAPHAEL-2000,2000,M,RAPHAEL,372,1.62
RAPHAEL-2001,2001,M,RAPHAEL,495,2.12
RAPHAEL-2002,2002,M,RAPHAEL,423,1.89
RAPHAEL-2003,2003,M,RAPHAEL,390,1.74
RAPHAEL-2004,2004,M,RAPHAEL,428,1.95
RAPHAEL-2005,2005,M,RAPHAEL,487,2.24
RAPHAEL-2006,2006,M,RAPHAEL,495,2.14
RAPHAEL-2007,2007,M,RAPHAEL,513,2.22
RAPHAEL-2008,2008,M,RAPHAEL,522,2.2
RAPHAEL-2009,2009,M,RAPHAEL,510,2.17
RAPHAEL-2010,2010,M,RAPHAEL,546,2.42
RAPHAEL-2011,2011,M,RAPHAEL,536,2.42
RAPHAEL-2012,2012,M,RAPHAEL,605,2.73
RAPHAEL-2013,2013,M,RAPHAEL,506,2.36
RAPHAEL-2014,2014,M,RAPHAEL,514,2.54
RAPHAEL-2015,2015,M,RAPHAEL,510,2.59
RAPHAEL-2016,2016,M,RAPHAEL,532,2.81
RAPHAEL-2017,2017,M,RAPHAEL,505,3
RAPHAEL-2018,2018,M,RAPHAEL,460,2.84
REMI-1980,1980,M,REMI,153,0.47
REMI-1981,1981,M,REMI,141,0.43
REMI-1982,1982,M,REMI,130,0.42
REMI-1983,1983,M,REMI,151,0.49
REMI-1984,1984,M,REMI,267,0.86
REMI-1985,1985,M,REMI,188,0.62
REMI-1986,1986,M,REMI,141,0.48
REMI-1987,1987,M,REMI,168,0.58
REMI-1988,1988,M,REMI,134,0.44
REMI-1989,1989,M,REMI,118,0.37
REMI-1990,1990,M,REMI,117,0.34
REMI-1991,1991,M,REMI,118,0.35
REMI-1992,1992,M,REMI,102,0.31
REMI-1993,1993,M,REMI,75,0.24
REMI-1994,1994,M,REMI,57,0.18
REMI-1995,1995,M,REMI,73,0.25
REMI-1996,1996,M,REMI,65,0.23
REMI-1997,1997,M,REMI,59,0.23
REMI-1998,1998,M,REMI,64,0.26
REMI-1999,1999,M,REMI,68,0.29
REMI-2000,2000,M,REMI,46,0.2
REMI-2001,2001,M,REMI,61,0.26
REMI-2002,2002,M,REMI,57,0.25
REMI-2003,2003,M,REMI,70,0.31
REMI-2004,2004,M,REMI,72,0.33
REMI-2005,2005,M,REMI,82,0.38
REMI-2006,2006,M,REMI,86,0.37
REMI-2007,2007,M,REMI,96,0.42
REMI-2008,2008,M,REMI,98,0.41
REMI-2009,2009,M,REMI,103,0.44
REMI-2010,2010,M,REMI,91,0.4
REMI-2011,2011,M,REMI,74,0.33
REMI-2012,2012,M,REMI,94,0.42
REMI-2013,2013,M,REMI,72,0.34
REMI-2014,2014,M,REMI,74,0.37
REMI-2015,2015,M,REMI,82,0.42
REMI-2016,2016,M,REMI,72,0.38
REMI-2017,2017,M,REMI,75,0.44
REMI-2018,2018,M,REMI,47,0.29
RYAN-1980,1980,M,RYAN,51,0.16
RYAN-1981,1981,M,RYAN,66,0.2
RYAN-1982,1982,M,RYAN,56,0.18
RYAN-1983,1983,M,RYAN,62,0.2
RYAN-1984,1984,M,RYAN,56,0.18
RYAN-1985,1985,M,RYAN,69,0.23
RYAN-1986,1986,M,RYAN,64,0.22
RYAN-1987,1987,M,RYAN,70,0.24
RYAN-1988,1988,M,RYAN,62,0.21
RYAN-1989,1989,M,RYAN,67,0.21
RYAN-1990,1990,M,RYAN,70,0.21
RYAN-1991,1991,M,RYAN,96,0.28
RYAN-1992,1992,M,RYAN,88,0.27
RYAN-1993,1993,M,RYAN,78,0.25
RYAN-1994,1994,M,RYAN,90,0.29
RYAN-1995,1995,M,RYAN,101,0.34
RYAN-1996,1996,M,RYAN,91,0.32
RYAN-1997,1997,M,RYAN,93,0.36
RYAN-1998,1998,M,RYAN,90,0.37
RYAN-1999,1999,M,RYAN,80,0.34
RYAN-2000,2000,M,RYAN,111,0.48
RYAN-2001,2001,M,RYAN,102,0.44
RYAN-2002,2002,M,RYAN,105,0.47
RYAN-2003,2003,M,RYAN,125,0.56
RYAN-2004,2004,M,RYAN,133,0.61
RYAN-2005,2005,M,RYAN,135,0.62
RYAN-2006,2006,M,RYAN,139,0.6
RYAN-2007,2007,M,RYAN,139,0.6
RYAN-2008,2008,M,RYAN,153,0.65
RYAN-2009,2009,M,RYAN,162,0.69
RYAN-2010,2010,M,RYAN,143,0.63
RYAN-2011,2011,M,RYAN,149,0.67
RYAN-2012,2012,M,RYAN,146,0.66
RYAN-2013,2013,M,RYAN,170,0.79
RYAN-2014,2014,M,RYAN,163,0.81
RYAN-2015,2015,M,RYAN,158,0.8
RYAN-2016,2016,M,RYAN,176,0.93
RYAN-2017,2017,M,RYAN,166,0.98
RYAN-2018,2018,M,RYAN,151,0.93
SAMUEL-1980,1980,M,SAMUEL,209,0.64
SAMUEL-1981,1981,M,SAMUEL,236,0.72
SAMUEL-1982,1982,M,SAMUEL,284,0.92
SAMUEL-1983,1983,M,SAMUEL,311,1.01
SAMUEL-1984,1984,M,SAMUEL,324,1.05
SAMUEL-1985,1985,M,SAMUEL,344,1.14
SAMUEL-1986,1986,M,SAMUEL,353,1.2
SAMUEL-1987,1987,M,SAMUEL,502,1.72
SAMUEL-1988,1988,M,SAMUEL,538,1.79
SAMUEL-1989,1989,M,SAMUEL,730,2.28
SAMUEL-1990,1990,M,SAMUEL,877,2.58
SAMUEL-1991,1991,M,SAMUEL,942,2.79
SAMUEL-1992,1992,M,SAMUEL,1010,3.11
SAMUEL-1993,1993,M,SAMUEL,1070,3.41
SAMUEL-1994,1994,M,SAMUEL,1169,3.79
SAMUEL-1995,1995,M,SAMUEL,1521,5.13
SAMUEL-1996,1996,M,SAMUEL,1632,5.72
SAMUEL-1997,1997,M,SAMUEL,1515,5.79
SAMUEL-1998,1998,M,SAMUEL,1435,5.88
SAMUEL-1999,1999,M,SAMUEL,1360,5.74
SAMUEL-2000,2000,M,SAMUEL,1234,5.38
SAMUEL-2001,2001,M,SAMUEL,1207,5.17
SAMUEL-2002,2002,M,SAMUEL,953,4.25
SAMUEL-2003,2003,M,SAMUEL,969,4.33
SAMUEL-2004,2004,M,SAMUEL,1070,4.89
SAMUEL-2005,2005,M,SAMUEL,904,4.16
SAMUEL-2006,2006,M,SAMUEL,859,3.72
SAMUEL-2007,2007,M,SAMUEL,860,3.72
SAMUEL-2008,2008,M,SAMUEL,856,3.61
SAMUEL-2009,2009,M,SAMUEL,754,3.2
SAMUEL-2010,2010,M,SAMUEL,758,3.35
SAMUEL-2011,2011,M,SAMUEL,776,3.5
SAMUEL-2012,2012,M,SAMUEL,760,3.43
SAMUEL-2013,2013,M,SAMUEL,716,3.34
SAMUEL-2014,2014,M,SAMUEL,596,2.95
SAMUEL-2015,2015,M,SAMUEL,598,3.03
SAMUEL-2016,2016,M,SAMUEL,493,2.6
SAMUEL-2017,2017,M,SAMUEL,456,2.71
SAMUEL-2018,2018,M,SAMUEL,416,2.56
SIMON-1980,1980,M,SIMON,968,2.95
SIMON-1981,1981,M,SIMON,1006,3.07
SIMON-1982,1982,M,SIMON,899,2.9
SIMON-1983,1983,M,SIMON,954,3.09
SIMON-1984,1984,M,SIMON,881,2.85
SIMON-1985,1985,M,SIMON,1065,3.52
SIMON-1986,1986,M,SIMON,1090,3.72
SIMON-1987,1987,M,SIMON,899,3.09
SIMON-1988,1988,M,SIMON,901,2.99
SIMON-1989,1989,M,SIMON,903,2.82
SIMON-1990,1990,M,SIMON,987,2.9
SIMON-1991,1991,M,SIMON,1006,2.98
SIMON-1992,1992,M,SIMON,934,2.87
SIMON-1993,1993,M,SIMON,776,2.47
SIMON-1994,1994,M,SIMON,745,2.42
SIMON-1995,1995,M,SIMON,637,2.15
SIMON-1996,1996,M,SIMON,613,2.15
SIMON-1997,1997,M,SIMON,513,1.96
SIMON-1998,1998,M,SIMON,515,2.11
SIMON-1999,1999,M,SIMON,483,2.04
SIMON-2000,2000,M,SIMON,441,1.92
SIMON-2001,2001,M,SIMON,436,1.87
SIMON-2002,2002,M,SIMON,404,1.8
SIMON-2003,2003,M,SIMON,365,1.63
SIMON-2004,2004,M,SIMON,324,1.48
SIMON-2005,2005,M,SIMON,305,1.4
SIMON-2006,2006,M,SIMON,322,1.39
SIMON-2007,2007,M,SIMON,289,1.25
SIMON-2008,2008,M,SIMON,274,1.16
SIMON-2009,2009,M,SIMON,269,1.14
SIMON-2010,2010,M,SIMON,196,0.87
SIMON-2011,2011,M,SIMON,205,0.93
SIMON-2012,2012,M,SIMON,190,0.86
SIMON-2013,2013,M,SIMON,158,0.74
SIMON-2014,2014,M,SIMON,150,0.74
SIMON-2015,2015,M,SIMON,129,0.65
SIMON-2016,2016,M,SIMON,107,0.57
SIMON-2017,2017,M,SIMON,86,0.51
SIMON-2018,2018,M,SIMON,66,0.41
THEO-1980,1980,M,THEO,1,0
THEO-1981,1981,M,THEO,1,0
THEO-1982,1982,M,THEO,0,0
THEO-1983,1983,M,THEO,0,0
THEO-1984,1984,M,THEO,3,0.01
THEO-1985,1985,M,THEO,1,0
THEO-1986,1986,M,THEO,2,0.01
THEO-1987,1987,M,THEO,0,0
THEO-1988,1988,M,THEO,1,0
THEO-1989,1989,M,THEO,1,0
THEO-1990,1990,M,THEO,3,0.01
THEO-1991,1991,M,THEO,3,0.01
THEO-1992,1992,M,THEO,7,0.02
THEO-1993,1993,M,THEO,7,0.02
THEO-1994,1994,M,THEO,5,0.02
THEO-1995,1995,M,THEO,5,0.02
THEO-1996,1996,M,THEO,9,0.03
THEO-1997,1997,M,THEO,16,0.06
THEO-1998,1998,M,THEO,14,0.06
THEO-1999,1999,M,THEO,22,0.09
THEO-2000,2000,M,THEO,29,0.13
THEO-2001,2001,M,THEO,33,0.14
THEO-2002,2002,M,THEO,45,0.2
THEO-2003,2003,M,THEO,43,0.19
THEO-2004,2004,M,THEO,51,0.23
THEO-2005,2005,M,THEO,59,0.27
THEO-2006,2006,M,THEO,73,0.32
THEO-2007,2007,M,THEO,84,0.36
THEO-2008,2008,M,THEO,136,0.57
THEO-2009,2009,M,THEO,170,0.72
THEO-2010,2010,M,THEO,295,1.31
THEO-2011,2011,M,THEO,359,1.62
THEO-2012,2012,M,THEO,303,1.37
THEO-2013,2013,M,THEO,318,1.49
THEO-2014,2014,M,THEO,269,1.33
THEO-2015,2015,M,THEO,309,1.57
THEO-2016,2016,M,THEO,327,1.73
THEO-2017,2017,M,THEO,301,1.79
THEO-2018,2018,M,THEO,264,1.63
THOMAS-1980,1980,M,THOMAS,67,0.2
THOMAS-1981,1981,M,THOMAS,74,0.23
THOMAS-1982,1982,M,THOMAS,60,0.19
THOMAS-1983,1983,M,THOMAS,78,0.25
THOMAS-1984,1984,M,THOMAS,91,0.29
THOMAS-1985,1985,M,THOMAS,87,0.29
THOMAS-1986,1986,M,THOMAS,84,0.29
THOMAS-1987,1987,M,THOMAS,91,0.31
THOMAS-1988,1988,M,THOMAS,133,0.44
THOMAS-1989,1989,M,THOMAS,120,0.37
THOMAS-1990,1990,M,THOMAS,165,0.49
THOMAS-1991,1991,M,THOMAS,151,0.45
THOMAS-1992,1992,M,THOMAS,139,0.43
THOMAS-1993,1993,M,THOMAS,163,0.52
THOMAS-1994,1994,M,THOMAS,195,0.63
THOMAS-1995,1995,M,THOMAS,198,0.67
THOMAS-1996,1996,M,THOMAS,223,0.78
THOMAS-1997,1997,M,THOMAS,285,1.09
THOMAS-1998,1998,M,THOMAS,359,1.47
THOMAS-1999,1999,M,THOMAS,386,1.63
THOMAS-2000,2000,M,THOMAS,537,2.34
THOMAS-2001,2001,M,THOMAS,600,2.57
THOMAS-2002,2002,M,THOMAS,557,2.48
THOMAS-2003,2003,M,THOMAS,660,2.95
THOMAS-2004,2004,M,THOMAS,633,2.89
THOMAS-2005,2005,M,THOMAS,632,2.91
THOMAS-2006,2006,M,THOMAS,707,3.06
THOMAS-2007,2007,M,THOMAS,761,3.29
THOMAS-2008,2008,M,THOMAS,956,4.04
THOMAS-2009,2009,M,THOMAS,830,3.53
THOMAS-2010,2010,M,THOMAS,800,3.54
THOMAS-2011,2011,M,THOMAS,815,3.68
THOMAS-2012,2012,M,THOMAS,719,3.25
THOMAS-2013,2013,M,THOMAS,707,3.3
THOMAS-2014,2014,M,THOMAS,742,3.67
THOMAS-2015,2015,M,THOMAS,762,3.86
THOMAS-2016,2016,M,THOMAS,701,3.7
THOMAS-2017,2017,M,THOMAS,568,3.37
THOMAS-2018,2018,M,THOMAS,601,3.7
TOMMY-1980,1980,M,TOMMY,143,0.44
TOMMY-1981,1981,M,TOMMY,171,0.52
TOMMY-1982,1982,M,TOMMY,173,0.56
TOMMY-1983,1983,M,TOMMY,183,0.59
TOMMY-1984,1984,M,TOMMY,193,0.62
TOMMY-1985,1985,M,TOMMY,171,0.56
TOMMY-1986,1986,M,TOMMY,180,0.61
TOMMY-1987,1987,M,TOMMY,235,0.81
TOMMY-1988,1988,M,TOMMY,239,0.79
TOMMY-1989,1989,M,TOMMY,287,0.9
TOMMY-1990,1990,M,TOMMY,246,0.72
TOMMY-1991,1991,M,TOMMY,289,0.85
TOMMY-1992,1992,M,TOMMY,284,0.87
TOMMY-1993,1993,M,TOMMY,275,0.88
TOMMY-1994,1994,M,TOMMY,253,0.82
TOMMY-1995,1995,M,TOMMY,257,0.87
TOMMY-1996,1996,M,TOMMY,265,0.93
TOMMY-1997,1997,M,TOMMY,384,1.47
TOMMY-1998,1998,M,TOMMY,442,1.81
TOMMY-1999,1999,M,TOMMY,404,1.7
TOMMY-2000,2000,M,TOMMY,358,1.56
TOMMY-2001,2001,M,TOMMY,297,1.27
TOMMY-2002,2002,M,TOMMY,262,1.17
TOMMY-2003,2003,M,TOMMY,237,1.06
TOMMY-2004,2004,M,TOMMY,192,0.88
TOMMY-2005,2005,M,TOMMY,201,0.92
TOMMY-2006,2006,M,TOMMY,186,0.8
TOMMY-2007,2007,M,TOMMY,163,0.71
TOMMY-2008,2008,M,TOMMY,134,0.57
TOMMY-2009,2009,M,TOMMY,129,0.55
TOMMY-2010,2010,M,TOMMY,125,0.55
TOMMY-2011,2011,M,TOMMY,127,0.57
TOMMY-2012,2012,M,TOMMY,104,0.47
TOMMY-2013,2013,M,TOMMY,92,0.43
TOMMY-2014,2014,M,TOMMY,83,0.41
TOMMY-2015,2015,M,TOMMY,77,0.39
TOMMY-2016,2016,M,TOMMY,86,0.45
TOMMY-2017,2017,M,TOMMY,53,0.31
TOMMY-2018,2018,M,TOMMY,58,0.36
TRISTAN-1980,1980,M,TRISTAN,2,0.01
TRISTAN-1981,1981,M,TRISTAN,5,0.02
TRISTAN-1982,1982,M,TRISTAN,6,0.02
TRISTAN-1983,1983,M,TRISTAN,7,0.02
TRISTAN-1984,1984,M,TRISTAN,9,0.03
TRISTAN-1985,1985,M,TRISTAN,11,0.04
TRISTAN-1986,1986,M,TRISTAN,18,0.06
TRISTAN-1987,1987,M,TRISTAN,18,0.06
TRISTAN-1988,1988,M,TRISTAN,19,0.06
TRISTAN-1989,1989,M,TRISTAN,18,0.06
TRISTAN-1990,1990,M,TRISTAN,26,0.08
TRISTAN-1991,1991,M,TRISTAN,44,0.13
TRISTAN-1992,1992,M,TRISTAN,57,0.18
TRISTAN-1993,1993,M,TRISTAN,49,0.16
TRISTAN-1994,1994,M,TRISTAN,54,0.18
TRISTAN-1995,1995,M,TRISTAN,156,0.53
TRISTAN-1996,1996,M,TRISTAN,251,0.88
TRISTAN-1997,1997,M,TRISTAN,209,0.8
TRISTAN-1998,1998,M,TRISTAN,257,1.05
TRISTAN-1999,1999,M,TRISTAN,300,1.27
TRISTAN-2000,2000,M,TRISTAN,272,1.18
TRISTAN-2001,2001,M,TRISTAN,253,1.08
TRISTAN-2002,2002,M,TRISTAN,255,1.14
TRISTAN-2003,2003,M,TRISTAN,265,1.18
TRISTAN-2004,2004,M,TRISTAN,275,1.26
TRISTAN-2005,2005,M,TRISTAN,283,1.3
TRISTAN-2006,2006,M,TRISTAN,349,1.51
TRISTAN-2007,2007,M,TRISTAN,360,1.56
TRISTAN-2008,2008,M,TRISTAN,324,1.37
TRISTAN-2009,2009,M,TRISTAN,377,1.6
TRISTAN-2010,2010,M,TRISTAN,297,1.31
TRISTAN-2011,2011,M,TRISTAN,269,1.21
TRISTAN-2012,2012,M,TRISTAN,257,1.16
TRISTAN-2013,2013,M,TRISTAN,280,1.31
TRISTAN-2014,2014,M,TRISTAN,228,1.13
TRISTAN-2015,2015,M,TRISTAN,245,1.24
TRISTAN-2016,2016,M,TRISTAN,206,1.09
TRISTAN-2017,2017,M,TRISTAN,186,1.1
TRISTAN-2018,2018,M,TRISTAN,175,1.08
VICTOR-1980,1980,M,VICTOR,15,0.05
VICTOR-1981,1981,M,VICTOR,15,0.05
VICTOR-1982,1982,M,VICTOR,18,0.06
VICTOR-1983,1983,M,VICTOR,17,0.06
VICTOR-1984,1984,M,VICTOR,16,0.05
VICTOR-1985,1985,M,VICTOR,22,0.07
VICTOR-1986,1986,M,VICTOR,22,0.07
VICTOR-1987,1987,M,VICTOR,14,0.05
VICTOR-1988,1988,M,VICTOR,30,0.1
VICTOR-1989,1989,M,VICTOR,32,0.1
VICTOR-1990,1990,M,VICTOR,34,0.1
VICTOR-1991,1991,M,VICTOR,45,0.13
VICTOR-1992,1992,M,VICTOR,44,0.14
VICTOR-1993,1993,M,VICTOR,54,0.17
VICTOR-1994,1994,M,VICTOR,75,0.24
VICTOR-1995,1995,M,VICTOR,65,0.22
VICTOR-1996,1996,M,VICTOR,67,0.23
VICTOR-1997,1997,M,VICTOR,67,0.26
VICTOR-1998,1998,M,VICTOR,96,0.39
VICTOR-1999,1999,M,VICTOR,104,0.44
VICTOR-2000,2000,M,VICTOR,111,0.48
VICTOR-2001,2001,M,VICTOR,117,0.5
VICTOR-2002,2002,M,VICTOR,118,0.53
VICTOR-2003,2003,M,VICTOR,141,0.63
VICTOR-2004,2004,M,VICTOR,165,0.75
VICTOR-2005,2005,M,VICTOR,172,0.79
VICTOR-2006,2006,M,VICTOR,211,0.91
VICTOR-2007,2007,M,VICTOR,215,0.93
VICTOR-2008,2008,M,VICTOR,221,0.93
VICTOR-2009,2009,M,VICTOR,248,1.05
VICTOR-2010,2010,M,VICTOR,277,1.23
VICTOR-2011,2011,M,VICTOR,282,1.27
VICTOR-2012,2012,M,VICTOR,283,1.28
VICTOR-2013,2013,M,VICTOR,313,1.46
VICTOR-2014,2014,M,VICTOR,306,1.51
VICTOR-2015,2015,M,VICTOR,357,1.81
VICTOR-2016,2016,M,VICTOR,365,1.93
VICTOR-2017,2017,M,VICTOR,362,2.15
VICTOR-2018,2018,M,VICTOR,386,2.38
VINCENT-1980,1980,M,VINCENT,471,1.44
VINCENT-1981,1981,M,VINCENT,523,1.6
VINCENT-1982,1982,M,VINCENT,467,1.51
VINCENT-1983,1983,M,VINCENT,474,1.54
VINCENT-1984,1984,M,VINCENT,485,1.57
VINCENT-1985,1985,M,VINCENT,454,1.5
VINCENT-1986,1986,M,VINCENT,424,1.45
VINCENT-1987,1987,M,VINCENT,427,1.47
VINCENT-1988,1988,M,VINCENT,753,2.5
VINCENT-1989,1989,M,VINCENT,879,2.74
VINCENT-1990,1990,M,VINCENT,940,2.76
VINCENT-1991,1991,M,VINCENT,865,2.56
VINCENT-1992,1992,M,VINCENT,867,2.67
VINCENT-1993,1993,M,VINCENT,833,2.65
VINCENT-1994,1994,M,VINCENT,780,2.53
VINCENT-1995,1995,M,VINCENT,802,2.7
VINCENT-1996,1996,M,VINCENT,761,2.67
VINCENT-1997,1997,M,VINCENT,672,2.57
VINCENT-1998,1998,M,VINCENT,680,2.79
VINCENT-1999,1999,M,VINCENT,624,2.63
VINCENT-2000,2000,M,VINCENT,581,2.53
VINCENT-2001,2001,M,VINCENT,560,2.4
VINCENT-2002,2002,M,VINCENT,503,2.24
VINCENT-2003,2003,M,VINCENT,427,1.91
VINCENT-2004,2004,M,VINCENT,431,1.97
VINCENT-2005,2005,M,VINCENT,447,2.06
VINCENT-2006,2006,M,VINCENT,454,1.96
VINCENT-2007,2007,M,VINCENT,403,1.74
VINCENT-2008,2008,M,VINCENT,391,1.65
VINCENT-2009,2009,M,VINCENT,407,1.73
VINCENT-2010,2010,M,VINCENT,325,1.44
VINCENT-2011,2011,M,VINCENT,301,1.36
VINCENT-2012,2012,M,VINCENT,246,1.11
VINCENT-2013,2013,M,VINCENT,242,1.13
VINCENT-2014,2014,M,VINCENT,181,0.9
VINCENT-2015,2015,M,VINCENT,172,0.87
VINCENT-2016,2016,M,VINCENT,163,0.86
VINCENT-2017,2017,M,VINCENT,103,0.61
VINCENT-2018,2018,M,VINCENT,77,0.47
WILLIAM-1980,1980,M,WILLIAM,55,0.17
WILLIAM-1981,1981,M,WILLIAM,54,0.16
WILLIAM-1982,1982,M,WILLIAM,64,0.21
WILLIAM-1983,1983,M,WILLIAM,95,0.31
WILLIAM-1984,1984,M,WILLIAM,104,0.34
WILLIAM-1985,1985,M,WILLIAM,106,0.35
WILLIAM-1986,1986,M,WILLIAM,113,0.39
WILLIAM-1987,1987,M,WILLIAM,127,0.44
WILLIAM-1988,1988,M,WILLIAM,118,0.39
WILLIAM-1989,1989,M,WILLIAM,148,0.46
WILLIAM-1990,1990,M,WILLIAM,176,0.52
WILLIAM-1991,1991,M,WILLIAM,249,0.74
WILLIAM-1992,1992,M,WILLIAM,269,0.83
WILLIAM-1993,1993,M,WILLIAM,376,1.2
WILLIAM-1994,1994,M,WILLIAM,461,1.5
WILLIAM-1995,1995,M,WILLIAM,689,2.32
WILLIAM-1996,1996,M,WILLIAM,790,2.77
WILLIAM-1997,1997,M,WILLIAM,940,3.59
WILLIAM-1998,1998,M,WILLIAM,941,3.85
WILLIAM-1999,1999,M,WILLIAM,1030,4.35
WILLIAM-2000,2000,M,WILLIAM,1088,4.74
WILLIAM-2001,2001,M,WILLIAM,984,4.21
WILLIAM-2002,2002,M,WILLIAM,1118,4.99
WILLIAM-2003,2003,M,WILLIAM,1078,4.82
WILLIAM-2004,2004,M,WILLIAM,878,4.01
WILLIAM-2005,2005,M,WILLIAM,870,4
WILLIAM-2006,2006,M,WILLIAM,917,3.97
WILLIAM-2007,2007,M,WILLIAM,883,3.82
WILLIAM-2008,2008,M,WILLIAM,935,3.95
WILLIAM-2009,2009,M,WILLIAM,1103,4.69
WILLIAM-2010,2010,M,WILLIAM,1035,4.58
WILLIAM-2011,2011,M,WILLIAM,956,4.32
WILLIAM-2012,2012,M,WILLIAM,872,3.94
WILLIAM-2013,2013,M,WILLIAM,848,3.96
WILLIAM-2014,2014,M,WILLIAM,787,3.89
WILLIAM-2015,2015,M,WILLIAM,767,3.89
WILLIAM-2016,2016,M,WILLIAM,798,4.21
WILLIAM-2017,2017,M,WILLIAM,714,4.24
WILLIAM-2018,2018,M,WILLIAM,739,4.55
XAVIER-1980,1980,M,XAVIER,28,0.09
XAVIER-1981,1981,M,XAVIER,30,0.09
XAVIER-1982,1982,M,XAVIER,48,0.15
XAVIER-1983,1983,M,XAVIER,52,0.17
XAVIER-1984,1984,M,XAVIER,57,0.18
XAVIER-1985,1985,M,XAVIER,78,0.26
XAVIER-1986,1986,M,XAVIER,97,0.33
XAVIER-1987,1987,M,XAVIER,85,0.29
XAVIER-1988,1988,M,XAVIER,89,0.3
XAVIER-1989,1989,M,XAVIER,104,0.32
XAVIER-1990,1990,M,XAVIER,105,0.31
XAVIER-1991,1991,M,XAVIER,138,0.41
XAVIER-1992,1992,M,XAVIER,169,0.52
XAVIER-1993,1993,M,XAVIER,144,0.46
XAVIER-1994,1994,M,XAVIER,176,0.57
XAVIER-1995,1995,M,XAVIER,212,0.71
XAVIER-1996,1996,M,XAVIER,253,0.89
XAVIER-1997,1997,M,XAVIER,244,0.93
XAVIER-1998,1998,M,XAVIER,249,1.02
XAVIER-1999,1999,M,XAVIER,245,1.03
XAVIER-2000,2000,M,XAVIER,378,1.65
XAVIER-2001,2001,M,XAVIER,509,2.18
XAVIER-2002,2002,M,XAVIER,687,3.06
XAVIER-2003,2003,M,XAVIER,611,2.73
XAVIER-2004,2004,M,XAVIER,614,2.8
XAVIER-2005,2005,M,XAVIER,589,2.71
XAVIER-2006,2006,M,XAVIER,591,2.56
XAVIER-2007,2007,M,XAVIER,546,2.36
XAVIER-2008,2008,M,XAVIER,609,2.57
XAVIER-2009,2009,M,XAVIER,585,2.49
XAVIER-2010,2010,M,XAVIER,542,2.4
XAVIER-2011,2011,M,XAVIER,491,2.22
XAVIER-2012,2012,M,XAVIER,452,2.04
XAVIER-2013,2013,M,XAVIER,449,2.1
XAVIER-2014,2014,M,XAVIER,390,1.93
XAVIER-2015,2015,M,XAVIER,374,1.9
XAVIER-2016,2016,M,XAVIER,338,1.78
XAVIER-2017,2017,M,XAVIER,300,1.78
XAVIER-2018,2018,M,XAVIER,263,1.62
ZACHARY-1980,1980,M,ZACHARY,3,0.01
ZACHARY-1981,1981,M,ZACHARY,5,0.02
ZACHARY-1982,1982,M,ZACHARY,6,0.02
ZACHARY-1983,1983,M,ZACHARY,5,0.02
ZACHARY-1984,1984,M,ZACHARY,6,0.02
ZACHARY-1985,1985,M,ZACHARY,14,0.05
ZACHARY-1986,1986,M,ZACHARY,15,0.05
ZACHARY-1987,1987,M,ZACHARY,16,0.05
ZACHARY-1988,1988,M,ZACHARY,19,0.06
ZACHARY-1989,1989,M,ZACHARY,26,0.08
ZACHARY-1990,1990,M,ZACHARY,37,0.11
ZACHARY-1991,1991,M,ZACHARY,40,0.12
ZACHARY-1992,1992,M,ZACHARY,52,0.16
ZACHARY-1993,1993,M,ZACHARY,66,0.21
ZACHARY-1994,1994,M,ZACHARY,66,0.21
ZACHARY-1995,1995,M,ZACHARY,81,0.27
ZACHARY-1996,1996,M,ZACHARY,87,0.3
ZACHARY-1997,1997,M,ZACHARY,111,0.42
ZACHARY-1998,1998,M,ZACHARY,149,0.61
ZACHARY-1999,1999,M,ZACHARY,241,1.02
ZACHARY-2000,2000,M,ZACHARY,484,2.11
ZACHARY-2001,2001,M,ZACHARY,620,2.65
ZACHARY-2002,2002,M,ZACHARY,512,2.28
ZACHARY-2003,2003,M,ZACHARY,536,2.39
ZACHARY-2004,2004,M,ZACHARY,515,2.35
ZACHARY-2005,2005,M,ZACHARY,467,2.15
ZACHARY-2006,2006,M,ZACHARY,608,2.63
ZACHARY-2007,2007,M,ZACHARY,556,2.41
ZACHARY-2008,2008,M,ZACHARY,537,2.27
ZACHARY-2009,2009,M,ZACHARY,491,2.09
ZACHARY-2010,2010,M,ZACHARY,441,1.95
ZACHARY-2011,2011,M,ZACHARY,445,2.01
ZACHARY-2012,2012,M,ZACHARY,400,1.81
ZACHARY-2013,2013,M,ZACHARY,347,1.62
ZACHARY-2014,2014,M,ZACHARY,339,1.68
ZACHARY-2015,2015,M,ZACHARY,296,1.5
ZACHARY-2016,2016,M,ZACHARY,242,1.28
ZACHARY-2017,2017,M,ZACHARY,204,1.21
ZACHARY-2018,2018,M,ZACHARY,202,1.25
ZACK-1980,1980,M,ZACK,0,0
ZACK-1981,1981,M,ZACK,1,0
ZACK-1982,1982,M,ZACK,0,0
ZACK-1983,1983,M,ZACK,1,0
ZACK-1984,1984,M,ZACK,0,0
ZACK-1985,1985,M,ZACK,0,0
ZACK-1986,1986,M,ZACK,1,0
ZACK-1987,1987,M,ZACK,1,0
ZACK-1988,1988,M,ZACK,1,0
ZACK-1989,1989,M,ZACK,0,0
ZACK-1990,1990,M,ZACK,0,0
ZACK-1991,1991,M,ZACK,1,0
ZACK-1992,1992,M,ZACK,1,0
ZACK-1993,1993,M,ZACK,2,0.01
ZACK-1994,1994,M,ZACK,2,0.01
ZACK-1995,1995,M,ZACK,2,0.01
ZACK-1996,1996,M,ZACK,3,0.01
ZACK-1997,1997,M,ZACK,5,0.02
ZACK-1998,1998,M,ZACK,4,0.02
ZACK-1999,1999,M,ZACK,8,0.03
ZACK-2000,2000,M,ZACK,12,0.05
ZACK-2001,2001,M,ZACK,17,0.07
ZACK-2002,2002,M,ZACK,20,0.09
ZACK-2003,2003,M,ZACK,38,0.17
ZACK-2004,2004,M,ZACK,48,0.22
ZACK-2005,2005,M,ZACK,44,0.2
ZACK-2006,2006,M,ZACK,80,0.35
ZACK-2007,2007,M,ZACK,106,0.46
ZACK-2008,2008,M,ZACK,155,0.65
ZACK-2009,2009,M,ZACK,229,0.97
ZACK-2010,2010,M,ZACK,275,1.22
ZACK-2011,2011,M,ZACK,290,1.31
ZACK-2012,2012,M,ZACK,318,1.44
ZACK-2013,2013,M,ZACK,329,1.54
ZACK-2014,2014,M,ZACK,317,1.57
ZACK-2015,2015,M,ZACK,336,1.7
ZACK-2016,2016,M,ZACK,355,1.87
ZACK-2017,2017,M,ZACK,292,1.73
ZACK-2018,2018,M,ZACK,281,1.73
